"ID","PC1","PC2","PC3","PC4","PC5","PC6","PC7","PC8"
1,-0.0358777716653433,-0.0289961707127978,0.0843755161894169,0.461479600283371,-0.284266718751853,-1.15027723042685,-0.314970966538554,1.05089038703486
2,-0.101010325609655,-0.545053674979341,1.00319847385095,-0.965487741045308,-0.605485997030047,0.522698760214567,0.118926947776299,-0.461300756426954
3,-1.34955340983194,0.943502628010518,0.298431122898573,0.355269459678031,-0.821083814323546,-1.78268706416768,0.57476157347727,-0.249139561098314
4,1.19754728486598,-0.6204856394239,0.484895153672428,-0.606557727779196,0.0198772771395825,0.920799294289624,-1.74275333291157,-0.258101556945346
5,-2.08034060573806,1.26185457814543,1.35764374462417,-1.3538535670566,0.00363579031291178,0.514900717855588,0.34768288481729,-0.992569532639186
6,1.38172908875893,0.528568144710614,-0.406018103733308,-0.132158507873787,-0.625439826866764,0.489322509417734,-0.445715484778656,0.518341888055796
7,2.60314059987197,-0.701756667602979,0.208799033749635,0.0824645658319039,0.492063679825762,-0.880993598480784,0.539196075487784,-0.203848027898301
8,1.87784759171505,-0.624469003525931,-0.314011548098567,0.497423870759037,-1.13254451897442,-0.508974335198493,1.61455767915581,0.617132878842909
9,-0.994862320403086,1.53869266951364,1.06018661109252,-1.35397072607374,0.551333367936007,-0.257263816666526,1.25026516562813,-0.274221790230795
10,-0.340749445282403,-0.164681989963273,-0.544795949923023,-0.581338671806696,0.148316746428842,-0.380449704971647,0.324794312451087,0.0481995832531026
11,-3.18945658849517,-1.9599036328106,0.227006199792312,-2.34897574254562,-0.265469322277672,1.81637839188654,1.0029275427905,-0.9152114139926
12,-1.38774418491912,0.515188104325102,0.206945981515842,0.699467012586084,-0.380497312975436,0.798491369239726,-0.150819699448213,0.71851488063716
13,-0.983383170412766,-1.3393875704668,0.935374045042963,1.69663731767819,0.754376841661158,0.595745369804924,-0.087835733520384,-0.055498313629144
14,-1.07593419639826,0.842547102560041,0.769411274493875,0.405563654988776,-0.0165808908154547,-0.641810295641627,2.21572134179987,-1.13269863998553
15,-1.05246213330988,-0.5084145391246,-1.80599046066938,-0.261758444520738,0.742964318972115,-0.319900570112331,-0.125968614530508,0.768580041314241
16,-1.36550271767604,1.57818613856281,-0.510817564246606,-0.227591205290042,0.565035306849927,1.10943308907752,3.06346999560266,-0.96073413690075
17,-1.9034111013466,0.814597624320713,-0.285127984669068,-0.296845206329824,1.08912590193949,-0.54031220682907,-0.272443007867973,-0.0708981758147792
18,-0.49323951566505,0.273155312301649,0.781340220674985,-1.32761477006837,-0.298000905420055,-0.597933051891697,-0.278259389181485,0.921247466772002
19,1.86245840410364,-0.836300293499355,0.658804134323004,-0.206679608315205,0.625657403936569,-0.792236587606996,-0.220327050069358,-0.73164320231082
20,1.15833605816393,0.473786319106528,0.159173651998761,-0.825224275065868,-0.410521113868158,-1.52257235539351,-0.23117548272774,-0.0268907804594223
21,1.50140655952057,0.682002977285615,0.0267082662989489,-0.37635954854213,0.133312739338147,0.16878289607955,-0.278980334998291,-0.515479730356969
22,-0.222987017759422,-0.655474420916688,-0.57410692261348,0.0827158498238646,0.762037013052833,-0.0361911783365561,0.0504231259106513,0.625083431977038
23,1.02681694117806,0.819648302941493,-0.385011415142807,-0.152183676496383,-0.986325103115125,-0.0260727071633746,-0.150659627650587,-0.0292779865449235
24,-0.107568460809383,0.806627807615651,-0.0238798958476612,0.497346021922566,0.0292524462899025,-1.55226623452225,-0.451844528649244,0.389750753936081
25,0.196040269002748,0.174129143661021,0.355863672493074,0.800868162616855,0.792449910428984,1.12320210583783,0.750505464866967,0.164110483636091
26,-0.0024386810976235,0.0395408633041804,-1.11153577338528,-0.629530303079212,-1.31087800883875,0.0332702776965479,0.122504789768206,-0.436910974840147
27,1.05103203774006,-0.206191964400474,0.680839604445758,-1.23511300658607,0.390715583066659,-0.906493447391721,-0.745241381555042,0.675393407899908
28,0.835557114145581,1.09906670357816,-0.175301399372235,0.193779573489735,0.229834087450712,-0.384293934624184,0.56470626901036,0.35525138715375
29,-0.548791434226915,-1.49559706916869,0.360164976301173,1.25197403255161,-1.28494140880989,-0.872941004486754,0.007150975599097,0.296494021843174
30,0.596833696611816,1.95198868792071,-0.759536873935198,-0.0779628548599539,-1.1541043406513,-0.900798688827953,-1.10372351320578,-0.51800595191752
31,-2.13463783642195,-0.0633123630303199,1.42811142385795,0.985523102647432,1.89319378347037,-0.463323844665908,-0.817229679761426,-0.403799596178995
32,-1.73914921411637,-1.8288179164699,0.9356839255146,1.07014879166838,-0.846673473155518,1.11391951878371,-0.3478233871941,0.624424530118197
33,-0.543474326183045,-1.1809944240332,0.179517375092893,0.332925868459442,-2.6329289052826,0.187608557912346,-0.720815232640511,-0.355183567431185
34,-2.72574450235974,-1.63954715640922,0.33980803317546,-0.318221863996428,-1.23409209495788,0.0171371156902052,0.892358339734943,-0.326667496151183
35,0.43080467598975,-1.00172518494027,0.180590601171861,0.660170786071816,-0.620561033776027,-0.44366037593724,-0.196486497120101,0.803075734872295
36,0.350471944995194,0.963959273801352,0.112905172869264,-0.914050195664953,-0.561134576932959,-1.55013339413567,-0.750769608365293,0.220593103474099
37,0.0792858943098592,-0.164636421036197,1.18685403944148,-1.26851580490003,0.224469119631731,0.0466207305008213,0.811078308321496,-0.127024443694799
38,1.98245920564388,0.225706443671073,0.085265630611245,-0.613060842895195,-0.175190608331754,-1.15487077714589,0.545974381450596,-0.163744962177392
39,-0.0742111554258137,-1.33832036089453,0.397414564442799,-0.593939413639142,-2.64842851015474,-0.051132609364577,0.08801978185236,0.310116902294159
40,-0.917291115978274,-0.605994954171029,0.870941880525635,-0.634740669107217,-0.386342210545299,-0.0432185866846284,-0.661709002765688,1.23004308780525
41,-1.01854785026043,1.13669627325632,0.94616487927316,-1.14324819481754,0.0500276622341464,-0.231527996354883,-1.47902714281141,-1.46860899681715
42,-0.89139053586362,-1.33547937408495,-1.73896923785677,1.229786441975,1.99921407563428,0.782631440774503,-0.396009120072048,0.787614167725723
43,0.801926966318472,1.05230477126115,-0.831115511581918,1.58693325009308,-0.011350201288797,1.12067540863646,0.371345699971696,0.628896527809807
44,-1.77702463078499,0.821959683707559,0.527937539589797,0.375244821176258,-0.0543911082916313,-0.0459322689741536,-1.05530074612502,-0.23253568542167
45,-0.00805462663868756,1.59530102609304,-0.0685827114349065,-0.754679296312663,-1.11640337682625,-2.06117690281591,-0.197663250271823,-0.517248570893446
46,2.80005020526833,-0.052922552438769,-0.813353363673104,0.277010531986975,-1.1485586418879,-0.131270176700835,-0.51375926127415,-0.138159756588171
47,0.220424592082071,-2.59377903125126,1.29138831568279,-0.570207933506647,-0.623382795318896,0.381335717999542,-1.08277435902651,0.411739576228376
48,4.13522485479145,-1.58376413392295,-0.545470510702759,2.12743818933313,1.22008800040771,-0.179583491723877,0.440546030945721,0.234815014197631
49,-0.560105600078471,-0.166448274433723,-2.23998878358283,-0.249954093674365,-0.644469351022731,0.10230822085045,1.03801391637185,-0.346921443733664
50,0.690926396364053,2.03392549181371,-0.71807980729992,-0.176440755142814,-0.977783395264309,-1.01733134595107,-0.0136234616317565,0.00732577900751603
51,0.777874466459297,-0.983784188544003,0.365748527294191,0.137285450585647,-0.714150049548818,0.269950609295439,-0.488056267884518,-0.203794053041216
52,0.26902816199978,0.669472628662846,0.404981111676453,-0.21244367429684,0.788259860266152,0.0870472472598281,-0.198336246924135,0.408170129862682
53,1.58850114808369,-0.792853191856857,0.178118426193087,0.0985419495893071,-0.278826644856444,-0.518492313674447,-0.384037571896987,0.0223160009628709
54,1.67769590453378,0.144909592061092,-0.163739157287469,0.327571169893862,-0.308354818387491,-1.12345910380355,-0.811952838333773,-0.972769176639019
55,0.0050569741569681,1.00630422169246,-0.0699893706487894,0.288581630889372,-0.484589883358195,0.0683601567411127,0.461182335447447,-0.171710168832714
56,0.920083937666224,-0.639547688837373,0.552406670487748,-0.0560443142212189,0.582402296430634,0.922123439419449,-0.629438745221798,0.317483234946208
57,0.735710609654874,-0.303256385564622,0.501196196658896,-0.013752488508395,0.451965545241978,0.79366410174944,-0.0798517775056826,0.160355477700115
58,-2.11883451711163,0.818965071467885,0.173067475666285,-0.223256994389309,-2.26658783487006,2.19516236588101,0.107790210323289,0.0652074663013735
59,-0.45556315249759,0.0780107518222615,-0.44876016320708,-0.0745805272022988,1.41860351666739,-0.235202396398245,0.204591268126058,0.297889343381366
60,1.35277757982997,-0.890457902777864,0.422235026902616,0.86116898819359,0.924836309754566,1.07189298831542,0.171420417496906,-0.0699693877876197
61,0.908104691929767,-0.25794033955742,0.0876131802360946,1.42742903807731,0.673731584465,-0.973761205462922,-0.477011927304293,-0.559306597046176
62,-0.52980576496375,2.08226185073866,-0.166453013759398,0.180860052625436,0.333596392383099,0.408330163824883,0.0557263679098974,0.385840116478104
63,0.253999448875728,2.80973671317795,-0.820749313085788,-0.000887496192657176,-0.756764936924502,-0.227663159717701,0.798578975681378,0.00280589766357871
64,-0.795812307117439,1.15057933390658,0.373513458462197,-0.0380199263044273,-0.320406696448496,-0.00621082891384713,0.794783889417065,-0.454036027459271
65,-3.31575805762797,0.271979693053891,0.0355534974524747,-0.824594249224402,-0.87548673229682,0.774793673414187,0.729822696056016,-0.24747631302618
66,-0.184781007569952,2.18273469869633,-0.264062548922882,0.452747524933029,0.0470154076835948,0.295505184350137,0.584394377405658,-0.70123101287264
67,-0.252951013652643,-0.0425918999746189,0.629098727992654,-0.740890643438587,-0.548052786359255,-2.08837170716228,0.825430498820435,1.11202440930797
68,0.429895616491446,-0.280015900476381,-0.244867088546312,0.509658445491711,-1.48803286167189,0.638843427940332,1.24547596811877,1.02899882612697
69,-0.621368885268183,0.318459013786694,0.89890198217936,0.90878383402629,1.72973317546067,0.228955565447267,0.704313132867273,-0.300995905903434
70,1.13293313250805,0.267989164440362,-0.587676335996282,0.318485911611218,-1.02903750321054,-1.18921133912395,-0.413736555658522,1.09274138492808
71,0.00533781284227847,0.764156384521539,-0.0493483507070756,-0.269273109285451,-1.34240700395178,0.547895171971254,0.583420482875976,-0.0995593401352974
72,-1.32625558906144,0.772432314979191,0.810514358978675,0.0598740218970538,1.53362420286402,0.699831239961127,-1.20273247936777,0.848466432843903
73,-2.29485429897608,1.64507774200342,1.19775895267127,-0.893452192047354,0.820281288432646,-0.136451102197887,-0.0477026366697165,-0.188860118595985
74,-1.27828244577445,0.1714753688962,-1.19488136464352,0.0603980058077577,-1.4345262717583,0.737236247138174,0.570141468613993,0.47546754812813
75,2.18631682046093,0.436165207884579,-0.552538640963867,-0.219452272515073,-0.56922876216197,-0.893385786397832,-1.14532010467067,0.210236079968973
76,-0.157737115205734,-2.99379862436473,1.59900427540397,-0.175399935567338,0.251600099746069,0.748965645691819,-0.7715427465374,1.07580059683708
77,-0.561237961777152,0.242084801136218,0.425510977948756,-0.238658116252261,0.147806286772603,0.578007869736173,-1.67115686202502,0.791461915969948
78,-1.89342068703709,0.770737313899417,0.0062662003635757,2.1169080796912,0.129001803902155,-0.118231849823546,-1.33895383748578,-0.430417621983528
79,0.72463539037392,-1.1433408013842,0.743594381679436,0.298890671764007,0.563023581133517,-0.3816158182652,-0.0332707377170902,0.349968033580981
80,0.810111696396415,-0.257450192854347,0.104754506318452,0.941815213903647,0.313101155987977,0.470696673076227,-0.095182938231481,-0.0546854773075291
81,-0.382473989126136,2.32375526747187,-0.502841801509365,-0.0792230688357845,-0.767256292912243,0.94336393426241,0.691040889316493,0.357409760780943
82,-2.15044889850201,0.169211075342673,0.197377829439981,1.49565345649623,-0.745006851877438,1.17795115737115,0.0183422826364362,0.590320329285235
83,0.926507752648518,-0.206227823046205,0.626425845544674,-0.799848044611294,0.129708243794191,0.542996253925619,0.188470153129281,0.143196459254329
84,1.7299055861669,0.66522636176256,0.0338065986542287,-0.479799409657862,0.17626460119671,-0.236743253242516,0.808589851047615,-0.0111370862752356
85,-0.457132543474845,0.335740494321663,-0.368487274815937,-0.689957267021175,1.41721196194918,0.595585276210055,-0.357596011168719,0.187868885051774
86,-4.4879666804742,-0.0326258255147447,1.63596925279714,1.54714157998034,0.770545445009496,-0.197108198804298,0.107920895919377,-0.274035132981397
87,-1.49691573919759,0.120687348203747,-0.195415171149007,-0.135611403588069,0.783421049714203,0.00297665113179417,0.939166141077239,-0.073243512191385
88,0.927506126713738,0.315260142726258,0.130400823969973,-0.690499398587779,-0.636390904098537,-0.61990865726371,0.715370651167966,0.608739884452119
89,-0.410196387072992,-0.811098975401245,0.344328546600059,1.23804033571963,-0.182772586475368,-0.216416466461869,0.123818999227218,0.627549510063773
90,-0.427636668006773,1.25721443563295,0.0601822729363426,-0.628631671525436,-0.827023896682126,-0.0814093921548595,-0.339676827271258,0.215742453901115
91,-0.79138957064593,1.59916550144916,0.30725360058994,-0.168008161658592,0.989101606729815,0.977613732421041,-0.455314902964669,0.808261889698359
92,1.10844687602561,0.184931307530149,-0.37646395969391,0.444591889965887,-0.73642244507927,-0.357743551638338,-0.682091790307188,0.136124657981083
93,-1.54243272961009,-0.514517552839594,1.08271524616678,0.858297972484621,1.05180765982594,-2.36910160268297,-1.10555624698861,0.346126125501806
94,0.529960295473478,-0.644703500835532,-0.820411498547502,-0.348125535896146,0.527039960352762,0.447362942156865,-0.556359106131147,0.809493787951433
95,0.495227304229285,-0.404854901397264,0.311038359605983,0.251818192299634,-0.347400108620909,1.10641413493444,0.32112154147588,0.0715484807539213
96,-1.75292758549482,1.09227641014819,-0.0840825348680149,-1.17645670188271,1.07655862940712,-0.618519219577048,1.08850883986913,0.458263623507773
97,1.19373805739979,-0.697569773472,-0.0599987489574862,0.425133147633505,-1.22392378130743,-0.252537619895084,0.0199603750373122,-0.346353411122397
98,1.57163619056056,-0.298662003660212,0.965928364567078,-0.961706922321622,1.47979461130717,1.12478773607964,0.314680556369625,0.0474868327969087
99,-1.58782569579086,-0.745118110947367,-2.45422919827599,-1.52536759334797,1.04965911920735,-0.062030388985925,-0.0169064481401278,0.531119778057546
100,0.111303179205782,-0.535451750629154,0.024200824285272,-0.260173855119604,-2.34472853789654,0.183157968145125,-1.17595918799502,-0.518956386895764
101,-0.640510776715764,-0.709171052149297,-0.315998368720145,-0.202713033465253,0.24701238326071,-1.31353147219297,0.376929845720533,-0.0210611891618035
102,0.091260494324245,1.3047846717426,0.0722091283064635,0.0840314673175126,0.169044287916591,-0.291185215849521,0.0632336444186199,-0.362765587025594
103,-1.91881828006047,-0.448861000381437,0.271441668973215,-0.472009364280874,0.914082441485237,-0.0688004925233639,-0.372473817724136,-0.464900016201113
104,-2.172236373971,-0.59574431843331,0.00884379209014172,-1.5730550969895,-1.40092455440886,0.0468750699044061,-0.40015537207632,-0.0464411200304177
105,-1.80497448635395,1.82711241750772,0.260441247151676,1.14231720144757,1.00344956004406,-0.00851420172211239,0.430697263054781,0.162042206097978
106,-1.26050519573146,0.601749619443876,0.412866716893554,1.55603121620133,1.69054666584422,-0.19979902798017,-0.109808783460028,1.16703209604121
107,-0.189765106070354,1.42565799673318,0.208024594374034,-0.305062596796286,0.647240949402533,-0.376556891762261,1.17122802626026,1.37237193114317
108,-0.302135885865321,-0.198070638127166,0.206343963771733,-0.320075220547631,-1.65022598979527,1.3042632780822,-0.622302014071905,-0.0324029664904994
109,0.48201167705904,-0.207991866445579,0.217957299834109,-0.556943481042202,-1.00522433005853,0.429804648947068,-0.229771479286395,0.506663545173394
110,-1.40990283313474,-1.23306367791661,-1.63586735429942,-0.275230690902966,0.171339498411537,0.0190147061296551,-0.784634009290391,0.657619570869643
111,0.832810854269282,0.386778110349907,-1.03673983817251,1.05110126673862,-2.71015146030883,2.73199198153469,0.454868509307436,-0.627160170034958
112,0.636735768687085,1.44535842167106,0.261214251052882,-0.561022420807734,0.133701865401808,-0.0647643782032817,1.40579639946349,-0.74255807296439
113,-0.105571292093179,0.129517661145315,0.644293122145381,1.12197180131424,1.74757111313622,0.54137299599467,0.118215571413108,-0.0873215758058231
114,-2.24629545085111,-0.322822674408225,0.14796079528683,0.552672154976821,2.14458914396815,-0.926157661381595,-0.203636956812866,0.770670444997358
115,0.586147648889375,0.466985689813431,0.254194128866963,-0.257278647083795,-0.239470833624359,-1.87331543031605,0.0840702825633435,-0.244395178954549
116,0.60648809779104,-0.802534302708775,0.657776615442422,0.427190144168467,0.78110970713355,0.247518213439219,0.226814866351811,0.481586822639835
117,0.947115054972006,0.42805482324945,-0.903259142624955,0.541049056837204,-2.15474882352038,1.53662711355757,0.0672245519618739,0.328622938485979
118,0.155441496676966,1.39183171870668,-0.245165625387514,0.964811921802911,0.324575196178567,-0.360027811182518,0.593970061031583,-0.154220382157881
119,0.468648164993637,2.19973691486578,-1.12186838812381,0.973536415909468,-0.677707685659753,0.11181423627117,-1.40349630652256,-0.402322186933612
120,-2.91061538107604,-0.512082618039959,1.33639767541731,0.770608886256179,-0.0869382227477584,1.13368251516689,0.400526675484444,-0.154328130027555
121,2.65953141597152,-0.506014685668503,0.368387416915411,-0.698669029438124,0.303175461906405,-0.84266795410565,0.810047871650865,-0.200017959500785
122,-0.329635013202952,-0.0765686478935233,-1.21437562712995,-0.16270352399634,-0.938188426949426,-0.344551875931542,0.413579798108005,0.87081031505574
123,-0.278882019659779,-0.301875401348494,0.575938771495204,-0.434513345570757,-1.25071229734917,1.59739387067487,0.488449404076049,-0.451583006835026
124,2.12931249535606,-0.131078807544374,-0.10097326362747,-0.340021317303582,-0.446047788973909,-0.742199077923146,-1.9287868164009,-0.967640051409122
125,-2.01097250906029,2.65360110406548,0.562766273934374,-0.372696202546792,0.628605456545115,0.228671241557101,1.52451768862518,0.0335636724902193
126,-0.76334434026343,-0.360402831560858,0.62746167653466,0.981097099478098,0.507151226796572,-0.384910733565694,-0.52360107133342,0.087980148202871
127,1.11574919697818,-0.684779974216135,-0.707222176716359,-0.899663484571405,0.182007508922557,0.501322944727262,-0.30642626818842,-0.116619515755702
128,0.552064495788306,-0.554375240771589,1.23102409714628,-0.81893536850707,1.22508539047365,-0.54665309985263,0.133698699695997,0.21682581314965
129,-0.642763870250113,1.26893556599646,0.511451241485616,-1.06993293657473,-0.0760856432936881,-0.543248859358515,-1.24767726432542,-0.154594195036264
130,-0.530120436471877,-0.159602990680162,-0.417604713999315,0.32335456989252,1.42140201211201,1.63174013478806,0.591245700622384,-0.0561907611748175
131,0.131458139284009,0.224796898573199,-0.91637802540178,-0.6377863292091,0.381442314659816,-1.30584077390613,-0.387872077430503,0.74757280696575
132,-1.80896840320059,1.46124663243313,0.584318272308036,0.298994130008859,0.817329188983188,0.223656390139631,-1.19316383308494,-0.291972314555697
133,1.28740237279502,0.781256686458533,-0.362693007917444,0.0873358917641302,-0.875731169569114,0.567548635429797,-0.166518854814706,-0.917243184962969
134,1.07412970671286,-0.501804277413949,0.68514817103655,0.00395166789766933,0.654163381703379,0.930612247714035,0.736833308363439,-0.312907692008446
135,-1.25813578079156,-1.53314337633462,1.42142278201328,0.102169189232561,-0.179729683338689,0.929647936532804,0.341764803809276,-0.0360639893857286
136,0.519432722026417,-0.079649207316135,0.0791849633618975,0.683566954119788,0.217801953841411,-0.204588667781318,0.467238628696018,0.956014379003498
137,1.16026410680543,-0.552524155996861,-0.35052662003449,0.464784024729988,-1.32904217623756,-0.291543379147533,-0.54472346577188,0.496412789097487
138,1.17890517489275,-0.837555290929841,0.312598636369011,0.420393321658233,-0.357812859543656,1.16884383253534,0.297177955302789,-0.578532476211655
139,-0.437532274487047,1.78182811166825,-0.144730667426932,0.561276865048371,0.370649001271657,1.57080565226887,-2.14082772482689,-1.25193704180764
140,-1.08775646270124,-0.840394192837564,0.207411680133198,-1.68252090203016,-0.0871278288930332,0.437615446571622,-0.0244735893041652,0.206363197180183
141,-0.971469078545797,0.669722849580421,-0.94484310101301,-0.353664282168833,-0.260627012737158,-0.270847990242048,-0.228285778971779,0.0723676248990661
142,1.25716126048855,2.33874559311105,-1.16557944652659,0.404340933101166,0.319004031376797,2.11533622615967,-0.661577170195285,1.3415931949718
143,0.919278904542509,0.474295365075415,0.221436699755332,-0.441055908661522,-0.259058803495665,0.55169966972737,0.704571155060083,-0.237247140279322
144,2.11812756209253,-0.0143693371930348,-1.04167245987927,4.02570206771076,0.268443155277955,-0.989810265672265,0.512161651648347,-2.50528118894668
145,2.63036324129615,-1.11949924292342,-0.30474304812848,0.162866891272094,-1.46933358493025,0.293446198199236,-0.610765443177577,-0.812024012113578
146,0.16689830172303,0.479211251288076,0.227289330018762,0.195418529315071,-0.89195291194408,-0.775892949051073,0.219712994848976,-1.56968131798681
147,0.114640043868265,1.26912530799713,-0.393670024261115,-0.21731894473925,-1.01886421405094,0.317023744557793,-1.2142862275234,0.116460326338919
148,0.668061701717024,1.49281167274734,-0.31634179724177,-0.553961582615931,-0.573721616575008,-1.10769876001719,0.0168378762008208,0.510504036434148
149,0.224500294112867,-0.0144280436495059,-0.649694459338723,0.273390670131187,1.21380724209972,-0.168420990896471,0.438698182918368,-0.542413413351036
150,-1.49603005077742,1.58333448135071,0.471488662274468,0.227922172940207,0.463106132596235,-0.888316081250352,0.438933589620844,0.013264398593338
151,1.41890462856613,-0.979237616637746,-2.18789358211138,-0.0350118355710106,0.579673119714628,0.769953338953823,0.551653306456818,-0.900026783902352
152,1.05283009654447,-0.505743324414038,0.350409213849407,-0.0585874612953503,-0.575765148648533,-1.16669857582644,0.202554751981796,-0.492209831117117
153,1.22670250148169,-0.558645936262061,0.460045604383012,0.382188205240006,0.706884020649688,-1.26364942004636,0.0767972141759133,0.0163532573069186
154,-1.67942481264913,-1.73118969142532,1.27712586163333,0.667473868598293,0.016638953163641,0.668358440027826,-0.457260239424948,0.746325569585123
155,-0.814703233136792,0.337850470619474,-0.0190942870090781,-0.816912267908545,0.797627472042806,-0.556733552228659,0.245082710652377,-1.61399839396676
156,1.50383108538996,1.30559850485961,-0.216895870466267,-0.148413216922298,0.3180415556808,0.767399976826106,0.782693481846656,-0.171485668032886
157,-0.198665617780195,0.569068823024774,0.106811033935403,1.32979834762062,0.805151019856505,-0.504999258071548,-0.44498398212223,-0.147109881533069
158,1.53814928190654,-0.705261240278152,-0.0225795208432337,0.928225808504281,0.289173913050494,0.0374474147960999,0.148733947819476,0.552701794656264
159,-1.74678354236025,-0.472191504214305,0.85469898097451,1.19114760846094,0.616259614551185,-1.38042219838791,-0.447521951890883,0.668800332753541
160,-1.48664348395061,-0.120879725706818,-0.00368358564855237,-1.17982770130809,0.599080918038045,-0.342195711151862,0.129727856924944,0.85294485397729
161,-1.25727561285663,-0.151835625625573,0.97635754808519,1.03608131363975,0.85135065832444,0.555944161142356,-0.494865345750518,-1.09441586451916
162,0.229852262183379,0.0865919499938616,0.656097100104694,0.405701532305116,0.997549430644031,-0.252413177368321,-0.162059940818808,-0.54905584097027
163,-1.38039835237886,0.778443539745462,1.40440286062425,-1.74410623095331,1.11978276561053,0.385194941899419,-1.17361049859505,0.655856252051135
164,-2.16654740520013,-0.939316687420885,1.81516964716826,-0.813699641665156,-0.923662060568958,0.256693590902537,0.403669966980568,-1.31885985661158
165,2.11875436838097,-0.147346377098542,-0.0316118835156179,-0.0592928120149681,-0.251633616742854,0.926546797875672,0.0945300074328275,-0.673653767147288
166,0.4720861236688,-1.24220930555043,-1.22148530311566,0.112071386817998,-1.19269803184177,0.541671363534589,0.237503172823007,0.869764035511515
167,0.171087021982859,1.26242276447157,0.245811634597646,0.186446793315964,0.343584993918874,0.169625081172766,0.338910884005215,-1.21763674292291
168,0.390132858042655,-1.51606421473451,-0.223767884820545,-0.322523985732624,0.116999888595608,0.915436784210261,0.16936905374002,-0.897358467560685
169,-0.268515416803084,1.19973725561294,-0.435546339851235,-0.198550805241138,-2.22088032477523,-0.631288127665848,0.311757396091353,-0.126253603341812
170,-0.990455821286028,-0.467056832553037,0.895671140386301,0.701926654121102,0.501675688180685,-0.939526316906417,0.0569419966398911,0.133179146401032
171,-3.17780964963973,-0.3408122113309,-1.01370291367728,-0.00173548933348774,1.46871048450972,0.557808946186963,-1.3586900975074,-0.3850008726245
172,0.419879675057224,-0.116351352043693,0.551069271135529,1.20431396427226,2.33890491444429,1.44370409148688,0.0776908248730862,0.850790416149522
173,-0.411976423183786,-2.40310030487176,0.267937453737043,0.530658859307642,0.929652206504892,0.384853603539956,-0.0108015123120664,-0.705155292398945
174,-2.03094359432902,-0.894100927521253,2.28338929990295,-1.26121272237355,0.861669106571399,1.15863954646589,0.550304566016648,-0.183774608981971
175,-2.54509500475166,1.20827311726951,0.751728387608473,-0.262536453049187,-0.578590957032314,1.03931283961196,-0.0843495676453027,-0.221451310919709
176,-1.06436964270554,1.02451895312987,-0.64909712038766,-0.0155721969345986,0.439909608795873,1.5689001277059,0.585684169798431,-1.48476681099341
177,-1.38644160109045,-1.38982818468419,-0.509884163822447,0.0379396824866046,-0.81662683644792,-0.0760895982148886,-0.443410967763479,0.943778132492969
178,1.98284837720239,-0.419212138616624,0.856598448392866,-1.10501979539144,0.62838486280365,-0.952107598619348,1.68718713743113,-0.0797467450952865
179,1.97406817656477,-0.651514465991757,-0.721589409315316,2.15800199544045,0.0224159788839496,-0.0198979227353447,-0.449670146407751,0.271472754607156
180,-0.404771973359744,1.79832825469932,-0.341555737121808,-0.251110844052319,-1.23108567537143,0.00895802191126453,-0.370138165103835,-0.287435803525517
181,0.867350061594696,-0.28816924179697,0.044531963755349,-0.191540069284621,-1.60149534367345,0.144518834396481,-0.793733386892776,-1.12672840194569
182,0.629352792438069,-0.261420483642407,0.256038605384272,0.804710971641585,0.377047928444249,0.337885627505343,0.196353528519234,-0.0215914347867972
183,1.29502039245954,-0.544185083950784,0.813628955653519,-0.763415196681885,0.316611348856146,0.761608398154588,0.458592899235023,-0.452801368347213
184,1.29867402931104,-1.63641775176143,0.588942036361804,-0.211532956574013,-0.464452264985656,-0.382125400720821,0.335908923715132,0.749643719103115
185,-0.2864482076896,1.87936407689713,-1.25281899246136,2.43364986328344,-0.66171332985596,0.254751724639976,0.131476270736413,0.113719582134964
186,-2.8807760199959,-0.892153372468272,-1.72146236606391,-1.73946293673607,0.701616171769546,0.453000862689007,1.0298562581357,-0.751430806264035
187,0.935875981439992,0.773896868142764,0.110965755772935,-0.67323415030519,-0.0743606357391402,-0.522780833225768,-0.515122352894101,0.00298243754975301
188,0.568591410725169,-1.10607485277621,0.433508602237676,0.596829256619115,-0.633516990974886,-0.775312107148118,0.912229817924353,0.0620551057020888
189,2.11590965056604,0.756224800248893,-0.479973975779782,-0.331696903488406,-0.244244001847102,-0.802588949586363,0.493872152194852,0.879291555630293
190,1.77160675893249,0.361145521938264,0.233298593945873,-0.768893776680602,-0.0959491044760366,-1.36934582098115,1.38407318796469,-0.00791626176367897
191,-0.528633857882597,0.0667773943751327,-0.136600332878799,0.302456974153909,-1.58999428367986,0.560135341891661,0.470855969468557,1.18684209468824
192,-0.194952200395402,0.120958517777217,0.685527311369851,-0.405439506820693,0.177802191432307,-0.159170010796771,0.525129639065337,0.554783930881476
193,-1.23140611724906,0.602696129335089,0.384248889135588,0.22696998727357,-1.03916994032358,-2.4118210958721,0.314675969408369,-0.380758350157168
194,-0.220687796371293,-0.698488507554342,0.570472103818694,-0.721286700376966,-1.36423856323496,0.843238373552752,-0.047808202004066,0.572520861985811
195,0.201597460144407,-2.24465002673993,-1.13467120843293,-0.819885421788447,0.212475656164914,0.268000844364671,-1.017261703525e-05,-1.2016160597448
196,0.0136957117610274,0.715589329526614,-0.887067052711324,-1.30184085083966,-0.232277951964174,-1.65009930054122,-0.113500890890067,0.170688958241815
197,-2.04352437087178,0.143061979714274,0.202083475044014,0.882823048602837,-1.5379803962282,0.789691133330226,-1.34950341564139,-0.375756579960945
198,1.37426829353098,-0.651777865169778,0.0388746541819023,0.00108858442372811,-0.319998267330297,-0.69030911849778,-0.657184945955464,0.898176243703487
199,-2.00915942310649,0.710200054502058,1.69541563892474,-1.39301405399281,1.51580603229815,-0.133227837452741,-0.023290554742611,0.874042969108795
200,0.0171305675031425,2.3678766032845,-0.80841257724403,0.0852871166404856,-1.36174706714246,0.0807351655664227,0.94150179369754,0.104220700484211
201,0.456821110650952,-0.424425996779624,0.316286828664731,0.418163239453266,0.0636626002976491,-0.966533745056621,0.498689491377831,0.857489632465376
202,-0.0780362562035083,0.095390185409169,0.861323522532624,-1.50463147225929,0.0583056359989797,-1.37213741235149,-1.77439249079331,0.442744559106554
203,-2.60971632231723,-0.731124457831983,1.2829002817274,1.10364439396668,-0.286034318117169,1.55484302268422,-0.707962468781817,-1.58861414621394
204,-1.94254852261812,0.864701182182723,1.77593708544405,-2.09936040133619,1.03252251686282,-0.349027026417823,-0.298506335918291,0.454286877630954
205,-0.442560327552412,1.0920169595151,0.184868047513354,-0.0155759439230913,-0.984319781750872,-1.29064413537967,1.33425139502071,-0.695120132078574
206,0.473422517928779,-1.18306672700861,1.33814496076092,-0.646527789273343,0.0183567080248745,-1.07815617245982,0.293202678079089,-1.26995233295064
207,0.777022610861952,0.0375813568987778,-0.0706446258310805,0.189112096965108,-0.623823631566172,-0.541701644515732,-0.645581196569138,0.0795780851295663
208,0.651988819257946,0.321514952938124,0.104458097531329,0.621082993642863,0.940858436188355,-0.142329502602114,-0.219716663555406,0.752854005133187
209,0.380409290515484,0.632742354953953,-0.249129932532224,0.458181295365253,-0.712495202141787,0.0755057066417896,-0.926008676358145,-0.47126261398271
210,-0.374967581629606,-0.501606573336843,0.522512765721034,-0.660266183140797,-1.50997004582306,0.796443034147116,-0.04478357405133,0.292658446846737
211,-1.14086258499646,0.968767103510995,-0.640846073725886,0.260471149266887,1.31756954703211,0.624203107552596,-0.0702817181820946,-0.511824684026682
212,0.874301350310183,1.1761462227685,-0.170844311896367,-0.328081226879153,-0.0812474961829256,0.274032902908273,-1.09011092738656,-0.30108988894418
213,-0.35407879998362,0.471239425923985,1.01588058440336,-0.153355068278095,0.529815935776647,0.92298473777675,1.62860095148276,-1.29109705131594
214,0.839452376883896,0.516657272346435,0.0478341934641496,-0.543471234659973,-0.433599509497949,0.0908893727050821,0.428893915473488,0.617624015617992
215,0.671753944748961,0.626117183253464,-0.56391562793092,0.499128649560986,-0.441433589424106,0.470231165706075,-1.23918603453203,1.04185811873087
216,-0.85789106478403,-1.39918560912217,-0.336472299428201,0.619757016999614,0.752937211783306,0.304048243035255,0.505072318840542,1.08970775342399
217,1.98873217177795,0.174415031543332,-0.0406260957104424,-0.685527078605306,0.277892128971184,-0.52229887318916,-0.0196989842078324,1.28072424200725
218,1.41896398187417,1.58611444438991,-0.845413834461606,-0.19003016054218,-1.00171063820179,-1.45058060423119,0.230293424419201,0.614713050971309
219,2.15403172616427,-0.884747082714006,0.0938609367191005,0.395416551352367,-0.0711532697791566,0.173071415630871,-0.147895554001177,-0.496146166943852
220,0.468177168617216,0.173510581869043,0.0945296635859053,-0.452334660993959,-0.905212556187478,0.68828119018816,0.574346599017768,0.740027905281926
221,-0.862533817521643,-0.459400790491829,0.0217209961284222,-1.96208044838626,-0.138578365394477,-1.37818003730817,-0.156102148787826,0.650083917108615
222,-0.242994432165949,-2.57046488898565,0.689982232727094,1.2575024196747,-1.27818838526126,0.0366536360365632,0.416677149343646,0.382624914183715
223,-1.65830632129007,-0.298064523239735,1.02950743901037,0.752973442567159,0.495013468319277,-0.342949062097543,-1.28009956893783,-0.719677441348722
224,-0.307214647317167,-1.90554086219991,1.43453847860746,-0.354556342893459,-0.45827215603651,1.24487832234409,-0.249425792714828,-0.838143578367501
225,0.888117867649545,-0.256983560274849,-0.463662704427451,0.0962492741957955,-2.11450465341921,0.770330328381392,-0.159375086321714,0.420319991714683
226,2.14228474289148,0.56494325580555,-0.773705131929018,0.100927109870024,-0.47993298486104,0.736354330148536,0.313312878353868,1.34698856445069
227,0.833085797393713,-2.56018635667865,-0.86018795723853,1.40075487269159,-0.810408533083168,-0.328300591208517,0.559527164565473,-0.696173962486368
228,0.756863280769623,-0.122084771764515,0.108130267403567,-0.518317139063,-0.892850157127806,0.446083037394841,0.568792105536914,0.998901233577698
229,-0.018355366323954,-0.939948306712892,-0.325449637479499,-0.807988526327278,0.339767937733996,-0.545335567401468,-0.485373021758548,0.374560053422719
230,-2.38015379268785,0.12490552685375,1.76275212898821,-1.85973222050162,0.186375865015034,0.943698995260478,0.244400276230198,1.06859768747015
231,-1.13059032974949,0.727200029600429,-0.449114488225432,-0.783745148453132,1.13322941535595,0.27903074526894,-0.879720002334389,0.414363682141992
232,-2.16357306172323,1.22851335139842,-0.215204564364396,-0.827510776556313,1.06007721676215,0.614337616836922,-1.37563813344528,-0.562526620333124
233,-0.680625247672583,-0.64956352298904,-1.81140389090771,-1.4686044985364,-0.501056875525532,0.0417776428648734,-0.0269450032177302,0.790477809045139
234,-3.39769658134551,-3.01292719136117,-2.29590089235353,1.1908981064446,0.294704731112818,0.127470779775864,0.239574815246224,0.862779467640056
235,-1.44764539869708,1.05184148590034,-0.0606492555588466,1.4254974219708,-0.359981890731443,-0.688410140804183,-0.271573559602887,-0.256190454007387
236,0.0192806541573054,-0.0201168089098626,0.824771083381036,-0.307986141655114,0.21897381390616,0.0126467940265629,0.798277013123815,-0.321076311859141
237,-0.575257594867287,-1.14480444008117,1.25738842779796,-0.796432580676039,0.0102391495610297,0.0893778513790916,-0.103074417861968,0.94700171786351
238,0.447371199359206,-1.28344554494648,-0.760115424608084,-0.322971440299173,0.0677893127229044,0.802556606846624,-0.416460916067721,1.19077100591114
239,-1.94290597916975,-1.21524338120141,-0.941367775334895,0.163399476000438,0.750839228286848,-0.832518397360095,-0.827574542559156,-2.26265587916555
240,-2.053212044529,-0.820453052620541,0.719789456271474,0.81285590240251,-1.38944603709398,-1.3457305193472,0.365190878166424,0.363397618199816
241,0.590842596366877,-0.936463067204322,0.642924352681697,0.0726474440336962,-1.10328601439548,-0.495432340232175,0.369153564524625,-1.61516921470512
242,1.37930456288954,-0.0950273828633773,-0.162413966968092,-0.360104839493619,-0.810168643209417,-0.109294571328822,-1.5073893016236,0.174347825731712
243,0.370521876446676,1.28763307987316,-0.801857776329643,1.84295142767197,0.505424460699074,-0.339416828097955,0.0104356691192386,1.05421878017581
244,-0.72194052817445,-2.89309208096861,-0.639838666918388,-1.33586532219032,0.301068621675534,0.759390889586361,0.196822806980177,0.353909459450414
245,2.37192149686327,-0.215364261695553,-0.591306612060774,0.709148394806236,-0.537381581540021,-0.181093078877521,0.344529453402959,0.347784419931135
246,-2.79507118042129,0.560505297210963,1.42167586151826,-0.9192277258793,-0.180004716958899,0.394329842205111,0.526654838160586,0.326925944705085
247,-0.477032652211994,0.715574611217773,0.390365198011051,-0.0852737128501233,-0.32333902878827,-0.166744983442793,0.242667056172831,-0.31789735705648
248,0.742597108676,-0.24638348292854,0.240275707059472,-0.317423912781689,-0.894630396512515,1.02342599154024,-0.245630706450514,-0.381301653244652
249,0.576005383479489,-0.0182063513658277,-0.116807338070391,0.900420405141365,-0.00717103260240812,-0.0369089633516959,-0.36783554986534,0.52032326345071
250,-3.48321748014218,0.0891370261983716,-0.572187352321576,-0.499222828952817,2.2655329320965,-0.149022515809813,-0.627003515271422,-0.387133547882935
251,1.384264040473,-1.70943933520576,1.34229429581923,-1.31778576020441,0.123474661557833,-0.552158420461635,-0.574654682880846,-0.615457762070344
252,0.739709898767778,-0.493532047347447,0.818819508481038,-0.985502550518302,-0.185457323737118,-0.184080164490945,-0.323616695999549,-0.357925360315848
253,-2.07515351141301,2.56655405710139,0.88014102762835,-1.25347665703219,0.473074548283139,0.297513836890097,0.993781272012215,-0.174981532377494
254,0.706953483553326,0.415149373071071,0.0116255958876195,-0.278648287223482,-0.198857745966383,-1.86552585016287,-0.483638186198585,0.87823343640441
255,-0.627879858770824,0.706494077358631,0.900481117406125,-1.20163630988044,-0.238602219206982,-0.347246090803791,1.09356715788461,0.031983211521575
256,0.609189155847126,0.373817902259982,-0.221390580235231,-0.203113305925302,-1.52736046087681,0.149514572549865,0.283799657116289,0.10523085879644
257,-0.0218102888977534,-1.24722475110726,0.613849729086563,1.21841462724575,0.283231084703118,0.337984509371689,0.393446982908342,0.332403184444608
258,-2.56442202084755,-1.58774863819849,0.492133122806375,-2.03641660501275,-2.29889066031489,-1.25028075762645,0.352231511066849,-0.0193411523930487
259,1.06091407954261,-0.304941242462264,0.592067111264676,-0.804810005444166,-0.003660839734239,0.254002761726665,0.185940287601163,0.122207372411026
260,-1.62219947673542,0.171966716994511,1.71251593660176,-1.53123744806301,1.03098173924126,-1.34034885355507,-0.288435889867748,0.700446006363337
261,1.55565872918826,-2.16785823037132,-1.13038468884546,1.50903953562305,-0.172293733790205,-0.40594548420961,0.377069124858526,-0.461179777316408
262,-2.01750793621058,0.720361167874918,0.337779702536884,0.640815501984287,-0.853756762154518,0.266817764210845,-0.654327427143453,-0.321342682367864
263,-1.34632385083884,0.453255101671722,0.385796956865773,0.968227385738167,0.205106101945406,-0.813646213729046,0.302425490040334,0.6495848764513
264,-0.834179894515336,1.35654641684098,0.35587501612351,0.62953311291825,1.00400765346277,0.642505015693767,-0.160988095893941,-0.339185880901418
265,-3.06534919881214,1.40779564799138,1.66515393745516,-1.75917979789263,0.111352623349311,0.350176925641668,-0.138425275034949,-0.521769806418107
266,1.42580796492028,0.755605323990303,-0.555553427599736,0.24353169754307,0.218862801712088,-0.485891461693433,-0.300093159983137,1.70365928828775
267,-2.03626172957671,1.48889175742512,1.20810842075774,-0.978163361639741,0.847938418891763,-0.46031325325558,0.493305209612809,0.192747867592767
268,1.36139294635588,1.00318362266714,-0.153396511454616,-0.516232257587272,-0.0106385038652456,-0.455355397471485,0.538467104941873,0.584860741326306
269,0.0965786295719404,-1.07820801320378,1.14749000745168,-0.199017893416297,0.182774975596227,1.32776758387195,0.120233000822459,-0.739288063600333
270,-1.26258910238225,0.380128617262054,1.48051507032665,-1.51688995014251,0.801715514325578,1.1706819526536,0.0435531438310133,0.394637587378757
271,-0.0752437264889776,-0.545660674000167,-1.63653751664062,-1.51834626344013,0.290828359754383,-0.0480085381902811,0.10025492487185,0.093065178622965
272,-1.28091433748258,-0.399160415131539,-1.7076656106318,-0.595156824224771,-0.231775060795393,0.526854063328827,0.277996028390088,-0.573865116163806
273,0.73728000063213,-0.560986128064024,0.420923308267753,0.601624251310481,0.453357099960192,-0.0371235708588599,0.482335501789094,0.270375936029707
274,0.548912755774134,-0.590560609865864,0.693589859595261,-0.199406994415403,0.136799977710669,0.066587683332875,-0.591938626634513,-0.340766341870062
275,-1.69727050249587,-1.47229336771269,0.12339115735403,1.47864642939847,-2.79035381111215,-1.06548472576648,-2.00519319851046,-0.604376684185444
276,0.490942869932457,0.822473112122158,-0.683430051012022,1.48102795294559,-0.487541982807653,0.428467649078631,-0.684278860967778,-0.274822364792425
277,-0.672015236170677,1.73802535103203,-0.353111156952955,0.374189817432301,-0.962955953596353,-0.243842666299127,0.197108845247178,-0.135437171509321
278,-0.891776506929492,-1.38579804056101,0.575166632996405,0.867479057277154,-1.84721113893244,0.598595952757948,0.413150721623193,-0.724110546809193
279,-0.118130894283086,1.58526475262717,-0.61072259458996,0.477679485672402,-1.41171524523847,-1.05967609558948,0.444545121675489,-0.108763816666979
280,0.100196332919734,0.484221208251588,0.750260178847004,-0.714017723210765,0.650822178848239,1.94116837551476,0.204144108722607,-0.0317205216682336
281,1.91446075953178,0.194635932505642,-0.270563612114984,0.475895810920918,0.270616583860904,0.0210701444819812,-0.846923091392941,-0.293530512979445
282,0.0050569741569681,1.00630422169246,-0.0699893706487894,0.288581630889372,-0.484589883358195,0.0683601567411127,0.461182335447447,-0.171710168832714
283,-0.69846770449778,1.2555075239318,-0.995038264994121,-0.372559939833685,0.708172726068936,0.0966830555838824,-0.114147620871776,0.382434026276362
284,-4.01366724035841,0.366798719930327,1.65257782099705,0.259082873964408,0.264875464258238,0.145165181087738,0.0665515547441111,-0.332563081227828
285,-1.41298658296191,-0.557043733845252,0.957711310732064,-0.34283838732663,-1.09295186853773,0.550735358546139,0.309502650505921,0.0395965623433952
286,1.43507649771751,0.285354012434035,-0.0331721602786458,-0.227867941373568,-0.241220865820107,0.864117100274773,0.118473593605918,-0.0235728101817116
287,0.478431117420004,-0.32689761800784,-0.577094105001013,1.03589619984234,-3.21689767493895,-0.172949721064058,1.91855108290455,-0.859212006350274
288,-2.051323208686,-1.0947924539741,0.637270676424609,1.37158589411561,-1.33251996197665,1.02468054787331,-0.0837236303232267,-0.125522099926777
289,1.86691828428391,1.05580934393632,-0.599736956989049,0.741172007420702,0.191539565486471,0.202234395359574,0.761807827640003,-0.127653294744758
290,-0.137246844659675,-1.08111200888617,0.946569183004548,-0.798267442353401,-0.995314333587746,1.29969696267416,-0.0301814633828717,-0.0921284941446774
291,0.115920283822621,-1.14912989348318,0.386874454459392,-0.029826235532197,-1.28106229838491,0.192057085920971,0.21981798258726,0.929309692933745
292,-0.184165405593162,0.0954044698172224,0.366008429052791,-0.125019206637468,-0.984484267232156,-1.25733334242201,-1.11257833052633,-1.01682605072697
293,-1.79380355303599,0.656657306624378,0.993989168170258,-0.390563983471679,-0.203004507523694,0.899194173924496,1.27031873655361,-0.0332440793004422
294,-1.08933881173816,-1.13430930443124,-0.410295445808966,-0.447615788119613,-1.1740216869378,0.220068557148827,-0.187923636339898,-0.241208499509938
295,0.191570710057609,-0.366934532351562,0.316700347972476,1.36769463879079,0.414729125159618,-0.301850939616148,0.509069428282199,-0.260084920125226
296,0.722897846356413,-1.58462238908838,-0.35970260486931,-0.0128162583848084,0.973664916234131,-0.301975339694225,0.309436885054685,0.54683226096704
297,-0.175467913589698,0.667708585263473,-0.00348743403411225,0.0304608892722524,-0.346672713586566,-0.0261443577187227,-0.616577879339812,0.771637215781747
298,1.56948282461161,0.186640593017976,-0.0675308945586438,-0.23282990220644,-0.374589949348537,0.575123608075819,0.1159437280778,-0.0445618970250141
299,0.153349980351045,0.325762134305021,0.289878053466338,-0.939992695638405,-0.607915574917855,-0.570157405642373,-0.608836315198367,0.923710910259484
300,0.182479013452831,-0.794302546145765,0.196597378831778,0.38283096277108,-1.87440097966007,0.0673054258993288,0.207972908225113,-0.840220924588129
301,1.3953954441605,-0.551945633807587,-1.46616034242499,0.0669024817480305,-0.313418710918984,-0.520301225860682,-0.344938661016267,0.591862213662914
302,1.13115637569204,0.578678650486016,-1.26379183035864,-0.724499326620354,0.357050969376806,0.0298112304215557,-0.206395458332257,0.277382324630632
303,0.530892806367271,0.910421140781433,-0.0480844827311709,-0.421430200187635,-0.725062474674152,-0.00270130610618842,0.43494317137896,0.0578991853398427
304,0.457053057772893,1.43644320122239,-0.533595075039821,0.643708283105522,-0.630546006528674,0.221801298660644,1.22625995448544,0.0972116772840333
305,0.414164079795156,0.245548900307898,0.0620389584864936,-0.139324321906053,-1.46519392780525,0.59404648112438,-0.239086688120424,-1.24187798550518
306,0.883852451659004,-0.675623542108556,0.214043394087325,1.43251851707692,1.04031703991163,-0.103986886866258,-2.11466384349093,-0.605669981899439
307,-2.71101989631526,0.981283359406706,-1.42272451120842,-0.373147319224824,1.43209057706219,0.429250726650608,-1.0061965841804,-0.896123249101998
308,-4.04531648177544,-0.0693726247027681,0.190449014119048,0.926634298583852,0.654726762233837,0.272495721448828,-0.150104457445174,-0.452485379899092
309,2.60122452942949,1.35161139895046,-1.50916678932657,0.354721324772446,-1.0146868039075,-0.774598695829875,-0.686875825476464,1.13170232653878
310,1.36500737040889,0.662922028606329,0.0490980614400543,-0.695628325562157,0.183745019779682,-0.45970710537236,0.280416603976472,0.775082541093132
311,-0.230514703362625,1.89541157512928,-0.116790607660732,-0.602689171551985,-0.78024289869723,-1.06138538064816,-0.481610120438183,-0.487375352884271
312,-1.07523421685296,2.03416560928021,-0.250034954112961,0.389075699930917,-0.562848703011063,0.623137810297736,0.204698441831531,-0.0724699109794134
313,-0.377266803017734,-0.458592486699189,-0.62206626071114,0.143736367060034,0.616305530464731,-0.0829865177421914,0.0534477538633873,0.345221016837963
314,-0.507774587878725,0.960402317001318,-0.964296335094101,-0.924156242076385,0.359904696651585,1.29894278132971,0.262126874720182,1.14592847431078
315,1.09228796493388,-0.528015467448554,-1.83320536719333,-1.21283385796098,1.16997384378201,0.596427249071806,-0.647649309715332,-0.402778077379028
316,-0.0371590535056135,1.88715824432859,-0.205340223431005,1.25654723744199,0.571470545592783,0.683121178138553,1.13275753263982,-1.15733516413542
317,-1.23268532999959,0.323356000733541,0.859632890768575,0.675476081424878,0.584746328162736,-1.72845119991291,-0.334462676058846,-0.918452604052374
318,-0.0752088664623355,-0.759243325492284,-0.150098355988924,-0.466987237174032,1.4225580447714,-1.19255028706123,0.227463009374281,0.73810034027809
319,-1.21658249292113,0.373641530200764,0.374170149118883,2.15231639250333,0.533397476824956,0.155664442105645,0.294416334252465,-1.37694396140065
320,-0.879749736056948,-0.116703167438967,-0.268679755991691,1.10102278384803,-1.79258080480776,0.169742477464166,-0.598064649093215,0.389922835904044
321,-1.83529129307673,-1.49097806699309,0.325780438365539,-0.254550038994316,-0.624227984263227,-0.310495510257393,1.27205427530907,-0.955428598044411
322,0.685172591625583,0.713539206563934,-0.000125144633510647,-0.482450717423804,-0.57933099208605,0.0440940332994469,0.431918543426224,0.337761600478917
323,1.59596194331164,0.387492818023535,-0.266774331722123,-0.0347051427082084,-0.58426820439291,0.661139314241068,-0.172568110720178,-0.35751835468482
324,-0.360269625958059,2.40088954457375,-0.398849233458199,-0.166566640601438,-0.305237798423896,0.782015217059261,-1.34357019304974,-0.481712046229955
325,1.40532099755075,0.482271805297266,-0.0267177394752216,-0.60211238611217,-0.12594500913574,-0.632167940448203,-0.812213313125669,0.228761723324793
326,-1.0071645103515,-2.26657840601978,0.855174688028134,1.20381286990577,-1.61807875091192,-0.206026476793364,-0.084300712823476,-0.636243561978006
327,0.970215479944969,-1.2258247509629,-0.701263779562743,0.536945182180531,0.316379462502706,-0.293915954144983,0.0060553439418237,-1.25579239907557
328,-1.32073907982944,0.524753130353719,0.777066260262752,0.822504245352684,0.787537722763324,-1.01765316994412,-0.620939411753324,-0.909568472886501
329,-0.614822666242201,-1.08276653646245,0.73717159844458,0.31367157842216,-0.584046751196495,-0.452845751775599,-1.20801086773717,-0.0942224700515475
330,-2.41299621158328,-1.25009951166072,0.454249013949665,-0.449234634467874,0.292908776081273,1.05624582472531,1.00550697298571,0.585101909190867
331,-0.843781097632576,1.21314785773186,0.465288529246306,-0.358624628398472,0.540566955670076,-0.0384561781944782,-0.969931617621617,0.28615098328488
332,0.119217935686606,1.40741823889293,0.396185098099391,-0.718249633234601,1.02024916294742,1.46530495330817,0.0461244176133685,0.552503118484925
333,0.429412784233645,-0.541049766616626,-0.380396154263028,-1.17516844619478,-0.0662789538127067,-0.198030364731241,0.0251401826776981,-0.720785963207938
334,-0.632258640677369,0.190642360006055,1.10922940363501,-1.25260538728413,0.407083802356175,0.858317059397462,-0.544579520726652,0.286471328650688
335,-1.49087141700893,-0.152120165140485,0.404975601958949,-1.90213427339174,0.338990149661821,-0.148331650401167,-0.124836557676805,-0.511323008770115
336,-1.91349251274613,-1.46755129206935,-1.166622506219,-1.41074320501761,-0.905700013731794,2.1730644646382,0.0346455884883304,0.0431113754178004
337,-0.489603789623643,-0.0559681557270702,-0.0227110913890561,-1.37347053098412,0.315990359097025,0.356532681318218,0.618827340716217,-0.871493032775641
338,-1.23483438944993,0.0137540828460479,0.482377710497003,1.70474814307884,0.365743631266458,-1.10195959105068,0.593727669158326,-0.218000479009403
339,0.1331618504787,-1.81793419231236,-0.0435917191512378,-0.741439621968023,0.200789478694524,0.317463733716214,-0.0728222200612626,0.180828530624186
340,2.44729142363641,-0.247144990886078,0.241112584043118,-0.471891656750803,0.344940642519446,-0.0970012652781192,-0.0199665758542569,-0.593730901366967
341,-0.763335688702383,0.986146537097902,0.669237612013818,-1.1695797957901,-0.0427283336363073,-0.512731908400652,-2.04926547710146,-0.366969468301494
342,-0.587947817394077,2.27854873728776,0.109812176064034,-0.651370138215017,0.557177824108704,1.07143813200356,0.328613267176479,0.711510773701299
343,1.48057393988963,-0.49328754743524,0.0132337233096056,0.30162866992041,-0.355135816372387,-0.143483115310244,-0.670019545166847,-0.269651369853633
344,-0.489650612097273,-0.148445664197077,-0.128134273781912,-0.936632290164352,1.24777787700597,-0.0846958028008746,-0.872707488250285,-0.0333905193793288
345,-0.0018910352637301,1.44467957264316,-0.454337496496417,0.0895190266643213,-1.73117405124164,0.556598587773005,1.09952148480678,-0.480002939668948
346,0.577245383431522,1.01310485098555,-0.165009847516992,-0.279363997092701,-0.655640163601994,0.41910323166365,0.145936570156363,0.0457942296624133
347,-2.51935940877577,2.02772014260107,0.866783595159629,0.0533107405070857,0.963449797634951,0.0369044552624351,0.488588273424101,-0.239188242024044
348,-0.414883724875361,1.43679836383635,0.488202997364567,-0.260002304300382,0.724702213873542,-0.0136889814521193,1.19490402078693,0.14799774473453
349,-1.00354352770892,1.19854163095176,-0.141779542075883,0.353209278291721,-0.876367868052819,1.02512681439313,0.341572003942221,0.588669722119367
350,0.111130673393674,-0.696074658575019,0.754251602183466,0.363576672733798,0.174481174426038,-0.573148883788616,-0.279222726871547,-0.579259827208491
351,1.33634936527467,0.866033017841043,-1.89708682787376,0.405502482933701,-0.109566027050552,-0.577797982549736,0.0337940163792281,-0.14886951698714
352,-0.0591240281957528,0.919257174728368,0.247385383045188,-0.592198823596027,-0.640120791620171,0.137202752074109,-0.0695540811655164,-0.380255373700427
353,0.447742032882377,0.755974771012314,-0.0290704486751807,0.719433375758984,0.531321118883167,-0.606577671876712,0.330365066585328,0.294874745904717
354,1.60561203799225,-1.57212565804027,0.494335078801346,0.170052814781434,-0.284436020367486,0.633300479642189,0.0310430953284165,-0.15042643499236
355,-0.350506845632391,-0.499888098864546,-0.800668677932906,-0.215993613616557,-0.45118984517323,0.482564203653198,-0.112825937506062,0.104415387875573
356,-0.635763658380104,-2.3129460288238,0.34353037724151,-0.991790487994424,-0.506747631670597,-0.0266959110525307,0.398642420868281,-0.0420606988683439
357,-2.32437575134002,-1.43580983498708,0.296363698784896,-0.390629746139097,-0.777773779667801,-0.498590703528499,0.200343316427284,-0.571806043708099
358,0.519432722026417,-0.079649207316135,0.0791849633618975,0.683566954119788,0.217801953841411,-0.204588667781318,0.467238628696018,0.956014379003498
359,0.89642790220875,-0.900128910178702,-0.915975849724471,0.483080119827026,0.520951096488004,-0.160460878321591,0.534001420234773,0.133294618912657
360,1.10720687607357,-0.84637989482123,-0.328261450247309,1.62437629219995,-0.0879533140796848,-0.813755746653683,-1.19586391032889,0.61065369176938
361,-2.29689933205183,1.72760959356483,0.914991491385454,-0.0986793842535924,0.627289319505933,-0.962887066905312,0.772535143590462,-0.269061460033219
362,-0.923308763912266,-0.87819076165212,-0.0944944405625307,-0.549750625693021,-0.345846809660728,0.321333481580481,-0.31019508778213,-1.28713507360013
363,0.062145517710855,-2.20662143525093,0.925805665762988,0.462562645739429,-0.131691408927901,1.31228464483429,-0.835984812579908,0.650157999105264
364,0.0372909247992965,-0.170052598134063,0.268741009874816,1.42871515602695,0.268997642571516,-0.348646279021783,0.512094056234935,-0.539947335264301
365,-1.14658583620691,0.22970268133478,0.90734367073807,0.705425171713218,1.21236977146796,-0.635068998933894,-0.624458802130679,-0.32885455576505
366,0.0716220793755322,-1.62926748917874,1.16103737383116,0.655072327724114,1.32563230326776,-0.0302642790206951,-0.520602710051288,0.521791365785378
367,0.323888799920571,0.370973279346892,0.217660891046986,-0.877675701302986,-0.37746704985815,-0.183221526731273,-0.35430520461032,1.31420302761411
368,2.25326472164966,0.146073972934301,0.0285171011901416,-0.298754026708039,-0.358991972301719,-0.815374267892933,-0.0159524230522846,-1.4752963204708
369,-1.15810743094733,-0.265119413176001,0.389344501384087,1.3076882975223,-0.437945909654417,-0.118956039786331,-0.119603124399121,-0.280689263882397
370,-1.7787621748025,0.380678096003381,-0.575359446958949,0.063537891027443,0.356250226808983,0.0337082095968211,-0.71259312335324,-0.0356714580356113
371,-0.0389211788063126,-0.467952284923853,0.297633076478304,1.14690376205362,0.288840460214161,-0.813808283944947,-0.0216336843170616,0.505145620399838
372,-1.44190318559099,-1.93313634051788,0.702578870327452,1.08137237528473,-2.15350473316256,-1.18223199039676,-0.064922095282003,-0.328992280681411
373,1.71761963357294,-0.685709044161606,-0.0729497115761956,-0.107901429227356,-0.63398153471758,1.48058114820542,-0.582751650797486,0.481738122503356
374,-0.149696984088677,-0.391140647053688,-1.5108943484471,-1.35491042020551,0.319637583168565,0.366006419426371,0.378956792411181,-1.04166839241342
375,0.681749691690973,-0.431544286782521,0.739504013706406,-0.819745695067151,0.00203933946402451,0.60838186374222,-1.15665577145741,-0.471775887042956
376,-0.0292591532698669,0.821669423187279,0.500794020981587,-1.13461893754452,0.312456763413791,-0.351715793835098,-1.00172527517096,0.774633665753208
377,1.23025541513512,-0.403659276736084,0.0172715618306309,-0.299941891233225,-1.69191256534332,-0.550000807124539,0.291306933625012,-0.643374844707258
378,1.37483931044302,-1.43099557344164,0.45462678736546,0.507116678219089,0.447492435280645,-0.358191879916751,-0.621898164699373,0.542653276835289
379,0.343528242073109,0.607430110186374,0.384761125875786,-0.812717758351225,-0.172336881056975,0.114260773762268,1.01449671450303,0.704801187502758
380,-0.591499657570442,-0.31751716001211,-0.761310032722325,0.046283001894455,0.575133907990877,-0.254803322565525,-0.21969962019509,1.22108125957858
381,-0.0314603835783631,0.712393724956539,-0.147259681436906,1.0136566697561,-0.016601099322306,0.365823343970568,0.189835776859747,0.125311264752147
382,-1.00500889231159,1.84840514290006,0.0329810653010181,-0.496666715387354,-0.85174869480147,0.402986913431778,-0.32856784030955,-0.302004202690429
383,0.255873049616435,0.12550271589679,-1.12182732524052,-0.156386732496776,-0.425403757786044,-0.770126888591286,0.541274488622203,-0.127453817348811
384,0.0372909247992965,-0.170052598134063,0.268741009874816,1.42871515602695,0.268997642571516,-0.348646279021783,0.512094056234935,-0.539947335264301
385,-0.983261833206661,-0.933997369182539,-0.185778874476055,-0.70822450809477,-0.24128694954648,0.196312016162783,-0.586367089793343,-0.131412415720442
386,2.75184739854151,0.34427131702743,-0.636796130437853,0.0774223292479875,-0.361555387084683,-0.201822057092515,-0.909178086774859,-0.308226087937749
387,-0.264193919114844,-3.04525763170508,-1.22167463247648,-0.339124945873596,-0.517003584280288,-0.766345847288303,0.174396812094643,-0.224950258069515
388,-0.32760729095872,-0.172356931290295,0.284032472660642,1.21288624012266,0.276478061154489,-0.571610131151628,-0.0160791908362076,0.246272292104066
389,-0.072776691284055,1.16646049705882,-0.23162293780108,0.510397042743821,-0.576193786273584,0.525033353369689,-0.371361977585793,-0.586412197542198
390,1.26350069790233,-0.506883276697061,0.557956935112843,-0.900741573801547,-0.618921883979789,-1.08157759204567,0.470381920192142,-0.208517347580526
391,2.69787782901657,-1.13056595284923,-0.4402642488695,1.42210601795743,-0.261602032429758,-0.259283120264777,-0.460317674958543,-0.485407836176455
392,-0.546868805194854,0.256416495310222,0.878681996378693,0.308509749971905,0.76913643413754,0.256169091949706,1.91714609429444,-0.00436484826335813
393,-0.640325652067453,1.05922063738271,-1.27130345481755,0.459670251006768,0.484591294343332,-0.566424912594795,-0.387034520138357,0.0567633690531669
394,0.787189797848427,-1.09822027289961,0.517427979783701,0.361955399470963,-0.240635311201231,2.27448531669885,1.53476579352459,0.391043733202995
395,-1.40439673692122,1.25525840916184,-0.729889294976736,-1.14986108522858,-0.677031423376447,-0.458924070249069,0.340151739847489,-0.450433094460835
396,-0.0479012632430987,0.604599771681338,0.32849750367817,-0.107667888107091,-0.0652333732694477,-0.103671255589385,1.0382060130434,0.454202746486899
397,-0.16825202354335,-0.564459456951225,-0.296478302578078,1.5219506070519,-1.04340796962326,-1.08318233555157,-0.73394164901157,0.814529576954869
398,2.66479202277689,1.06715641242007,-1.21538778251838,0.333799139199308,-0.924863140376822,-0.653928938313052,-0.668754324430652,0.166201468425914
399,-2.5375856571838,1.34172601947004,0.254124230807007,1.95723233688106,0.623645289742608,0.452609584673686,0.0532969053760499,-0.0888870031469273
400,0.833984443873536,-0.545894369438611,0.504695890518252,-0.0859934045095583,-0.0452211468745873,-0.171258761559569,-0.339442619149966,-0.272114813341116
401,-0.306497111937257,-1.14190505925653,0.917872437091042,0.312647043304879,-0.366554183335649,-0.397561604075377,0.155236557895329,-0.444750981867128
402,-0.134583269535805,-0.292159346317455,0.336448898234169,0.630004922517602,0.111127960108954,0.133512045786465,-1.67392101518586,-0.130206568854789
403,0.547151840678484,1.1525142200408,-0.168260983248183,-0.298092688616046,-0.640345432202548,0.337439233399276,0.692498909919743,0.168528887555394
404,2.25896769807552,-1.82359506100343,0.74280172203839,-0.241249552855151,0.68831824654262,0.043483634805133,0.168052994676643,0.599850963281661
405,-3.22718011335972,-0.801112653308158,0.428449078748999,-0.0287560785370821,0.621000093622479,-0.0451156020926676,-0.439948615959916,0.226219102336062
406,-0.65807239485565,0.953752157600629,0.521008277135156,0.335476785062637,0.59842486426159,-0.779091044243818,0.411965375495017,-0.356954143233164
407,0.93700833649919,0.56650741302213,-0.355234393692601,1.85350012919537,0.648782145763279,-0.289128418551118,0.296150050742675,-0.528268992381899
408,-0.689561795570011,-1.18608115298071,1.12390773225041,-0.286380370774625,-0.545163487227416,1.28474271935622,0.284569539483594,-0.00878139065742732
409,-0.277285978309592,-0.841270745942565,-0.345504662100585,-0.367761603519635,0.212129681989958,1.19314762611483,0.450868378453894,-0.136647808379558
410,0.815680376486574,-0.705455597136573,0.342104929749451,0.585441891712615,-0.322930158272904,-1.33783526577246,0.223239422569429,-0.462945856993901
411,0.762574593414807,0.047581771718922,0.417081498422888,-0.607981723045185,-0.58951910242642,-0.0937127504248214,-0.354078033832126,-0.86110361774248
412,-3.68434314308173,-1.89847028249872,1.84002623050891,0.760434944792069,-0.230334559918403,0.246814854340235,0.352898990544152,1.25686440054542
413,-0.967461136801907,-0.652702128576492,0.314663248891251,1.19293023609936,0.145573578837177,0.642075201840407,-1.23486345777367,1.32090769754833
414,-0.310655902529365,-0.304091359018525,-0.541544814191832,-0.562609980283351,0.133022015029397,-0.298785706707274,-0.221768027312293,-0.0745350746398783
415,-1.82485508089481,-0.583881256067283,-3.46338278242106,-0.386085222546747,-1.32677076857942,0.614187301945238,-0.629587531862435,-0.729087333550543
416,-0.533207443202325,-0.866420051086352,-0.270251376385154,1.10378270418804,-1.9937257969188,0.588009870007332,0.337372497840783,1.54330015740713
417,1.35853138456844,0.429928382471915,-0.295719635763793,1.16717895047458,0.526383906576307,0.0104676090649088,-0.274121587561074,-0.400405209259021
418,0.385643207314163,2.02991934237992,-0.621209467135185,0.121719964569895,-1.17484396208051,0.299347309795392,1.21162453980328,-0.491777127117331
419,1.56501326566647,-0.354423082994607,-0.106694219079242,0.33399657396749,-0.752310734617903,-0.849929437378161,-0.125492308506968,-0.468757300786331
420,-0.913115353778107,-0.374428295080608,0.191484170771212,1.2065694486231,-0.236306608008894,-0.146035118491884,-0.143773881350406,1.24453642450862
421,-4.02326730694847,-0.340748444160691,-2.39044789050242,-3.24535157416382,1.09886203056981,-0.301017691320925,0.219340504756199,-1.25430319260577
422,0.891559785890442,-0.757868062281523,0.468882646365413,0.540603734074312,0.599088582548294,0.00967176854677542,0.479310873836358,0.550238351168781
423,-0.789154475923465,1.24927385405683,0.362750471067981,-0.90284015604956,-0.699130351769582,-0.347031483296628,0.243396106230171,0.281930538942579
424,-2.84851644618447,0.347419535692397,-3.47983101109844,-1.7839532127246,1.55493593816783,-0.095867382347998,-0.303965890637193,-1.18990834526937
425,1.21797880208257,-2.04951671659028,0.284985344900337,1.69369366334229,-0.0190337574594928,0.540370802444149,-1.30922408182106,-0.650324260191697
426,0.270215991093655,1.90111005067098,0.0859800800829298,-0.273224530884244,0.0297355634267474,0.634106971218614,0.578806579911102,-1.41613342996965
427,0.859041717268015,-1.24205422080026,0.709235647399438,0.293928710931135,0.429654497605087,-0.670609310464154,-0.0358006032452082,0.328978946737678
428,0.949559641033597,-0.0922168580907657,0.0344824906425256,-0.10650547567347,0.731404380329191,0.2304417149837,-2.70282269520777,1.38837405731774
429,-0.170042472672625,0.579540485282177,0.566556762597515,-0.822691487141338,-0.0332676183302814,0.757633367976778,-0.325569479027418,0.131807014892078
430,0.682687582560445,-2.11240339750513,0.854138857038148,-0.57713227418362,-1.9955217339143,0.72188051069795,0.627770511639225,-0.581027250926548
431,0.303692010777757,-0.439430110447094,1.14160769241334,-0.659436950988041,0.903032962498553,-0.476915782135154,-0.95337672392529,-0.58836833291446
432,-4.61389046699699,-0.416434848056674,0.487964063881921,1.31518385859104,1.02016056612256,-0.0825990613745847,-0.0929091931194917,-0.479767978627393
433,-0.666977939608292,-0.402819496743425,0.701528702250545,0.648995196873315,-0.0914081453231292,0.895575118192199,0.131870054222487,-0.584110476781475
434,0.486020305713358,-0.693189562158436,0.910050704956381,0.0930440310928971,0.840477744760495,-1.17489240917257,-0.682725911381228,-0.5114419171056
435,-0.460750246822638,-1.2266887271337,0.0287425537887363,-0.174957437226706,0.949164758697165,-0.0178155154327542,-0.441507119068867,-0.519698656880325
436,0.996616092755641,-1.33576691296833,0.116974131639588,0.399190647660053,-1.27070477929233,0.727438368598219,0.161893668204238,0.356764395662988
437,0.476032168446479,1.20892049009739,0.139235737898296,0.243801826818511,0.44066443545015,0.267567467884912,0.590912129065145,-0.848133712411585
438,0.654208072260056,-1.46076203831522,0.345690316490454,-1.05804854477904,1.41586036018952,-0.518803698840675,-0.598102093588557,-1.09813163534549
439,-0.352041376583004,-0.455741007857262,0.766043371109935,0.219988672830666,0.679148285125576,0.168810127390548,-0.547805132298407,0.639430091201106
440,-0.230514703362625,1.89541157512928,-0.116790607660732,-0.602689171551985,-0.78024289869723,-1.06138538064816,-0.481610120438183,-0.487375352884271
441,-0.433403430804904,-0.614816703709911,0.0801569212694443,0.915640219922993,-1.51407379683042,-0.0683185749354418,0.504602410045766,0.208627037011987
442,0.166284768835979,0.371046936524252,0.362318093296499,0.426623717878253,0.907725767113351,-0.373082934885144,-0.18018144186462,0.416445017142596
443,1.021741459021,1.01486889438492,0.243458698193573,-0.522268560661793,0.479292410250724,0.532294836642201,0.56417820257204,-0.317672856256652
444,-0.304162927838608,0.936088548162969,0.339822531265206,-0.0542417338770607,0.0900274246432507,-0.276946653339431,-1.53691815318073,-1.06737854869513
445,0.457333896458203,1.19429536405147,-0.512954055098107,0.0858535429306993,-1.48836312712226,0.701336313890786,1.34849810191397,0.16936250598145
446,-1.63588699985036,0.632752690817082,-0.252931544896207,-1.48000060798927,-0.0368209404291762,0.192023496611462,-0.717451870790457,-0.15074597913356
447,-0.0801640136654436,-0.203073606446234,-0.522477542697659,-0.341819103546183,0.258910679974854,0.213171637621525,0.308935085286968,-0.839765615164943
448,1.23416329670964,0.621700073618331,0.0151528464678014,0.24894111294249,0.401442461113221,-0.0840177921308415,0.288266675352722,-0.363481098340773
449,0.876441758199473,0.139198771997233,0.164634932896047,0.793323606735085,0.687634761146231,-0.224637531118996,-0.49263686683569,-0.546592397482787
450,0.188367801437435,-0.158352608107436,-0.611836031199369,0.206111714962895,0.849989633511582,-0.844350362006525,0.181637206802203,-0.953894617548964
451,-2.3348042354109,1.55712971334415,0.562413384390417,1.00900596108587,1.05780178029915,0.294717852986932,-1.16692466901645,-0.521581668728254
452,1.14558742153113,-0.500702123662554,0.387357006424686,-0.893458600752144,-0.326865360664398,-0.414137029230203,-0.63882915727693,0.833354783572057
453,-1.34043244658814,1.89133085405152,0.0211770873417059,0.219603553621775,-0.101727012309275,1.19677308679477,-0.0482923280776342,0.159730062474017
454,-0.113893282459888,0.265459230637737,0.27832263363519,-0.314692034153785,-0.33978585314278,-0.822958093852764,-0.0415893048473545,1.07570954227568
455,1.62458474919575,1.454088407774,-0.730262925592532,0.949220688584678,0.248599477498957,0.866237085922731,0.478355719898261,-0.398631578717959
456,-1.01139461005916,-4.50132054722086,-2.76500594471172,-0.566258818548087,1.01097998899776,-0.181838932790661,0.393626214302544,-0.904761744344939
457,0.890985489683618,-1.88134116952583,0.6528549146812,0.370179402098533,-0.442065799669732,-0.940197969577939,0.102062483714718,0.388415575871705
458,-2.38718816996466,2.07775475012803,-1.42237162166446,-1.75484948285748,1.00289425330816,0.363204115220776,1.68524577346124,-0.340977907883525
459,0.314028060106423,0.480860683440773,-0.700112500730643,-1.17443839538574,0.436517113814901,-0.384900294738869,-0.130349642903422,-0.115573236211477
460,-0.331221715011724,0.167904662770515,0.0815378997659709,1.39228230809755,0.0820945375095611,-0.567258423250752,0.241971310129193,0.056050492337241
461,1.22840518547256,0.0962183029342341,0.0769034302800605,-0.357463890877278,-0.835486999467948,-0.198748149746381,-0.393118493098294,-0.825546131734266
462,-0.382758107106235,0.663212289126608,0.0762415800482649,0.814235433158621,-0.18310285192574,-0.153923580511416,0.226841133022415,-0.232086810081747
463,-0.613249995970157,0.562194536554318,0.0571743085540924,0.593444556421453,-0.308991516871197,-0.665880924840214,-0.303861979576846,0.533143730443318
464,0.70780861844546,1.29647464314446,-0.151705652486453,-0.666078695422526,-0.0155204843419446,-0.43612109680801,0.0158483513515846,1.1122070403989
465,0.272071569140749,1.1084287428739,0.191723551387566,-0.897867836067087,0.215152681300138,-0.249421699222077,-0.491673529145628,0.953914896497706
466,0.00420614576344799,-0.66992556294662,0.749545956579433,0.976407080627195,0.967454718776795,-0.184888859747692,1.08862297140627,0.386817082037689
467,0.025052796931117,-1.38406942190658,0.147104262563345,-1.53633994792852,0.160565075703043,0.563118872025928,0.747121781393317,0.328382343757986
468,-1.34941908961451,-0.841498720375642,1.25149031754026,-0.363760572899768,-1.00312820500705,0.671405116062962,0.327624151551733,-0.92590429576947
469,-0.1537867176562,-1.08105725097463,1.04610466357985,-0.363750213750167,-0.222214255465762,0.480021407938558,-0.409975349352184,-0.274909025057645
470,0.973833183292762,0.33660447049246,-1.09849360816742,0.021945352386062,0.784426665754719,0.319484837497826,0.0899664518419716,-0.548224857143467
471,-0.936248924663458,-0.367334117013937,-0.808434817371193,-0.101293905761064,-1.03794491165197,0.869832685201894,1.12877605351771,0.192426178186395
472,0.278335907595507,-0.552749756643253,0.500180886811157,0.0474349948692805,-0.647270944752773,0.2976737182535,0.35559703211043,-0.306838680923275
473,-0.151829182324256,0.713889754320131,0.48123611261683,-0.876331229785895,-0.778965413764487,-0.706406323465567,0.508459121279677,-0.356045462345568
474,0.297928527274415,-0.408770434273778,0.561857939247101,0.549231178640806,0.489646741957347,0.153927534627948,0.232864122257283,-0.0781380076383142
475,0.0538307977958207,-0.170107356045609,0.169205529299517,0.994197927423721,-0.504102435550468,0.471029275713822,0.891887942204247,-0.357166804351333
476,0.839252636472307,2.13506302960045,-1.02259963156073,0.91126604384707,0.635785794208698,1.81138849064277,-0.349356032856938,1.40395121161575
477,-0.86043795506335,0.269423992101425,-0.22764372349746,2.16067370779438,0.202154002495947,-0.453538721391527,-0.843035706374891,0.546472680491588
478,-1.31204158782597,1.09705724579997,0.407570397175848,0.977984341262405,1.42534927640891,0.213535814759167,-0.124938960566807,0.87889479362222
479,-1.54014709014194,-0.0694731432223866,-0.741815770235894,0.269384531698552,0.078796063182005,0.82698480050419,-0.0631379496891026,0.82573849265097
480,1.15864254497001,-0.0944681938407049,-0.541052253790268,0.968410830557774,-1.44048889679559,0.630291822404206,-0.843540038253124,-0.963382195276137
481,2.34121444510491,-0.447456926134779,0.0165960127102072,-0.211282936775646,-0.587794094871871,-0.0732447242920746,0.378476877599188,-0.703526985156463
482,-0.547235632879051,1.41457399006893,-1.39002544546172,-0.0485513368383853,-0.208370476136376,-0.696208395394628,-0.950762140112016,-0.675949180084481
483,0.370345403359412,0.865790758999912,0.195223245246922,-0.97010875206825,-0.282034010816427,-1.21434456253109,-0.751264370789911,0.521444605456475
484,0.754109024651553,1.59948457300534,-0.539429539419196,0.59499105331907,-0.0561533391096055,0.0767309699052678,-0.00978754305747885,-0.24967244132256
485,-0.785802891743887,-0.477054873586497,-0.338342456662865,1.07767041365082,2.36440027752273,-0.276555603544429,0.789003558687349,1.05986586664223
486,1.13986254420822,-0.244504269172476,-0.215279658138991,0.816417520945748,0.1731000597871,2.93837001213157,-0.585928246307313,0.672494103694601
487,-0.519476274224661,-0.802828986405819,-0.808724403904697,0.337066131866899,-0.680246815514721,-0.735159347866201,0.194830231200667,-0.176056271149461
488,1.6524013117511,-0.463658307721855,-0.159897347442604,1.53717714424953,0.734521383999121,-1.06686992423758,0.0244606972874475,0.158710377133168
489,-1.92468579764783,1.86950721182513,0.896396706284306,-1.15983319941546,0.396600891285911,0.705833828211964,-1.73903042680468,-0.788654821842399
490,1.2145238545571,0.385243242778849,-0.151947388360999,0.18398316999073,0.196312292312047,-0.381500092624382,-1.08053524376063,0.245920741770579
491,0.800903678386085,-0.528031829015821,-1.85135413814773,2.27803346796218,0.217345426905594,-1.05987653875572,0.776754064488078,0.701807609530966
492,-1.0987772340814,-0.0225550864793718,0.241187605275218,0.07562979434222,-1.22595203450935,1.03582823167655,-0.0341360455005377,1.04953903763035
493,-1.17610400927605,-0.948494080139548,-0.593775984647647,0.872643855801892,-0.112021617025406,-0.379456100720821,-0.0344512401681289,-0.194454738711889
494,0.475457872239655,0.085447382853078,0.323208006214082,0.0733774948427324,-0.600489946767877,-0.682302270239802,0.213663738943504,-1.00995648770866
495,-0.529809044258539,0.179571035222487,0.433271387739946,0.516463814445018,0.0599327127760148,-0.209422335718802,-0.286235240955652,-0.13150562568717
496,0.707368303232613,-0.555875884992942,0.0620914879384981,1.58088260607874,0.432567062835176,0.0105664909312551,-0.077028133171966,-0.0464105900276159
497,-0.185410438587996,-1.43588921316981,0.695944924053413,-0.26657733700963,-1.18375821627126,0.08976299130795,-0.29023376343807,0.750028462189247
498,-0.430342032561474,0.875766745229871,0.283145389759845,-0.298723262970446,-0.153935592431191,-1.15956148813156,-1.52358879154473,-0.200402437120385
499,2.12551725315336,-2.35411341758125,1.30804132842942,-0.522613492261939,0.757371640057968,-0.308798192754393,0.220155223932387,-0.443185554526024
500,0.78792204503601,-1.18564795074368,1.01673236854592,0.835823226365692,1.51066436525778,-0.740481075978518,-0.137387384099807,-0.687683653229301
501,-3.39940637517834,0.707562937931974,-1.09693196448688,-1.17522200566066,0.143069065361528,0.706569981229984,1.48172433405586,-0.288165558863544
502,0.370906741506575,1.43761901215114,-0.686729037402172,1.05059743363695,-0.32638193192495,-1.31280938643747,0.0247212515907733,0.345716142393022
503,0.0259521776645487,-0.754732744947366,-0.725142463551134,0.128850484561418,0.216198279879441,-0.949966994339054,0.0458581572790335,0.282253756308056
504,0.0617858328427867,1.25955462743491,0.0993045690516013,-0.848067717595912,-0.57349697599263,-1.30793524134236,-0.745215114884439,-0.0382802248216735
505,-1.07635185239506,-1.28935072186876,-0.067056883831884,-0.200002920249616,0.451674820933228,0.326095498962616,-0.0226394698196848,0.601300133417206
506,0.163003354326444,0.268834473757392,0.451263062490463,-1.07083849996834,-0.034419711285346,0.0197562593024328,-0.0632635002842237,1.64814857211722
507,-0.356117411197774,-2.18011168841526,-0.415407788467125,-0.0252245216749884,-1.00217385151214,-1.04832008164047,0.360130028040435,0.666421030550272
508,-1.46604381369376,-0.850899472669622,0.979976480519246,0.816753880143334,0.148136993620141,0.0285229910399886,-0.341637794051091,0.153837465015288
509,-0.973065119895984,1.20911819417449,-0.0233996674172204,-0.420416024219955,-1.72346899207629,0.133398254317993,-0.190704753349624,-0.242567573556402
510,-1.19843792701337,1.18074079635391,-0.605032829573047,-0.366125989316983,0.673259817609224,0.443272577446252,-0.889035211168418,-1.33417784853658
511,0.527849399226301,0.471465026570378,0.165173077557716,0.263993961582612,-0.151955295708138,0.333767640375717,0.728280453600452,-0.487845581295181
512,-2.79957995216492,0.771412694948212,1.80969402918405,-1.08367955778813,0.417721635258465,0.108658887725665,0.149852276130307,-1.10949274673974
513,2.2734233251978,-0.989146893603738,0.787680272363664,-0.612272281747381,0.697673336980652,1.17610531580785,1.23271813546062,-0.309793134926108
514,-0.0585105191904315,1.29075920822285,-0.363768377456985,0.30950381646251,-0.574413546888874,-0.0523096007757104,0.443060834401634,0.793790689280152
515,-2.43244118290661,-0.214230307347535,-2.49298582574246,-0.76810197572527,1.29306404286308,0.169565228390322,0.561449549172593,0.165371753482199
516,-0.616335895204412,-1.02748131942308,1.29733776252871,0.883194171928525,0.965899119974463,0.192217613072541,-0.487852831666413,-1.54217006604048
517,-0.0331882488309984,-1.07993382417073,0.0471477478469987,-0.81272835230255,1.20587885949777,0.876045885028953,-0.208155441493071,0.142380988333461
518,0.0951557570625597,0.72237524051087,0.295344721142848,-0.653219340832196,-0.494389309032069,0.183998091479745,-0.0725787091182524,-0.100392958561353
519,1.41696395444894,-1.35955230267119,0.74636061018714,-0.0731236907696272,0.256823977976579,0.257476718603782,-1.16546918052372,-0.833719541589545
520,0.330278821713806,-1.2220598206944,-0.309355733820473,-0.119285157400255,-2.82731287032469,0.678952258558953,-1.89530593344424,0.951855403902169
521,-0.305231487746179,-0.173362813950814,-0.327321995310737,2.617260315491,0.678211947119647,1.94507741482366,0.0471264538166744,1.23225013894043
522,1.00637677240042,0.902130011449116,-0.226877541849873,-0.301758172349668,-0.397534508083171,0.482176959517057,0.941475527026936,0.817894333205792
523,1.35236276015068,0.0805673552861486,0.371769134851737,-0.998361905108632,0.293411500953007,-0.8041993527787,-0.235189635529712,0.854674638644406
524,-0.00470270323565188,-1.18715162904335,0.153558683366769,-1.91058439266713,0.275840932387409,-0.933166168697048,-0.183565125338271,0.58071687726449
525,0.249435542320872,0.525493306293371,0.343304059240508,-0.714239858068365,-0.348657826443968,0.23079343088538,-0.0756033370709884,0.179469456577722
526,-0.632842615649065,0.418215214184842,-0.00450274388185207,0.0916483726499279,-1.44590920358132,-0.522134741214662,-0.181129069723699,0.304443057158357
527,0.688389192559027,-0.32835317386794,-0.610739324999619,1.98078906236575,-0.638643379143647,-0.0351996782930129,0.558319692248332,0.898934799668002
528,-0.49964202865894,-0.149026427457427,-0.299224839340653,-0.450270732619156,0.57430088808854,0.740011574712922,0.0589689433305388,-0.887428056850587
529,1.3063199491873,1.31231994765097,-0.811255807650814,0.317603235600493,-0.5323149134395,1.54461278679287,-0.21658598096695,0.447633921670395
530,-0.108181969814705,0.435125774121174,0.587273864654511,-0.40435661813597,-0.0364547984413938,-1.36275388167243,-0.964459444216395,-0.784295309044497
531,1.15480273238465,2.19030583325044,-1.09311372597908,0.251054331241238,-0.393336454400028,0.681813485675185,-0.629136782664235,0.641365444468928
532,0.31046808395421,2.47904579967936,-1.11122933350383,0.450465208689118,-1.00774865133788,1.39294411828157,0.0714573620770143,0.347768248590997
533,1.67926960200965,-0.907724665003992,0.412192033175538,1.24334295125152,1.32841860009015,-0.778091039545795,0.87716161447,-0.0702478634445327
534,-0.190952911282499,-0.0693171440056075,1.00315062319199,-1.3771895688306,-0.459620677546789,-1.13691427703716,0.281364720571471,0.0365030928655123
535,0.10989395273643,0.175304954589776,0.202729710130723,1.20775731314828,1.09661398503271,-0.411408579260278,-0.451033238027702,0.41261494874508
536,-2.20476847413015,0.809503906728761,0.865113030129599,0.0150286899604972,-0.275020440567777,-1.06914772949035,-0.182726448976372,-0.455094146685154
537,0.88337177651771,-1.3508039136822,0.132737029964387,1.52132553208333,0.000973545664435802,0.0418980045633215,0.603877903173985,0.716474614120843
538,0.0387552621981377,1.87767921999949,-1.16194807785558,1.64259234634767,-1.11733971483218,-0.284909615382799,0.397268335843259,0.0755714768458757
539,0.834839578765671,0.335430900634782,0.34136464214418,-0.473423812708603,0.138116114749851,1.25814599179529,0.160043918400204,-0.0381412093466238
540,-1.99021115891114,1.21399550010452,-1.95504768415945,-0.0279445886744181,1.01939628683486,0.0047048841722314,-0.246178696198636,-0.669179576671856
541,1.68920278746653,1.49079516735932,-0.661710418212117,-0.0813563966116069,-0.317620841023272,-0.267045596693215,0.760007012169225,0.451185514410998
542,-0.928521395964789,-2.20203552476465,-3.40438540020877,-1.48487141613947,0.886077195641116,0.560254917293405,0.717927780533196,-0.696542391441955
543,-0.0199514076741404,-0.400552962118821,0.59599379611629,-0.8747402683784,-1.12307404160513,-0.141089322841426,-0.447791996136393,0.0596248549672508
544,1.31580726309392,-1.90245130547382,-0.592215935088733,-0.989042130688419,-0.64399307963521,0.0200530837780213,-0.975705887485393,-0.0106848315911327
545,-1.78566236613689,1.15711564955505,1.22471160217843,-0.934447540660928,1.32689804726911,0.425739453788857,-0.345783121750521,0.638622171143808
546,-0.73116761847373,0.905620491397231,-0.399104579362033,-1.61722200926847,0.574823409650191,-0.712952083481536,0.476666876771098,0.600695805795563
547,-2.02031839397745,2.18671532534752,-0.419148260352684,-1.34833013615943,0.658742896939934,0.544834019890694,0.501414716222632,-0.413808420544223
548,0.278208436464913,-3.42286107262231,-2.14047577033881,-2.03227900332159,-0.0691258290973137,0.408809672648259,-0.0718167709214641,0.392354367141886
549,-1.32825379966356,0.947441675010606,0.633170080085717,0.417808588871051,0.408844716028366,0.314623759372795,1.10904012985891,-0.0698374219896437
550,0.798492560193115,-2.00135838992268,-4.49479626688949,-1.41986441806548,0.976044694749062,2.14223951421049,-0.2755477595832,1.41493334493143
551,1.63485700444273,1.21252133386344,-0.538531340092078,-0.0949956091353416,0.0642593458227988,0.521064723639076,-0.331082564254034,0.527556787450715
552,0.129193114893824,-1.04633666745597,0.469020050824168,0.981274424769205,0.334560168931213,-1.0254894857804,-0.82877639057396,0.551643675430381
553,-0.638929429931004,-0.459697014237268,0.422012376695922,1.46249669619042,-0.299694845649288,0.150803151749148,0.405545494719286,-0.78704647611169
554,-1.53643191900913,-1.92029178335047,0.154890923143878,0.19109297168305,0.0255266351894127,-1.24804698051002,-0.771102624477047,-0.282038916227684
555,1.75999912891994,0.525816992707309,0.0370577343854199,-0.461070718134517,0.160969869797264,-0.155079254978143,0.262027511284235,-0.133871744168216
556,1.13170074223115,0.081126544308821,-0.00686915197043901,0.330153764942761,-0.336908752633168,-0.0646129590456722,0.428659627840766,-0.283055382363443
557,0.0163107594966549,-0.190601303988306,-0.0682438387680488,1.30952927872816,-0.90539636738128,0.755241637266556,-1.03328628793113,-1.31818965082916
558,-0.560476883218401,-0.804492702966571,0.613992520324541,0.327310790945894,-0.965926938042566,-1.24095607210789,-0.116921291313912,-0.170593743091265
559,-0.708691068181388,-0.60594243733056,-0.31624692684831,-0.111743425940745,0.728904343977829,-0.266944610619586,0.0899583476014367,0.288674443986446
560,-0.81187653801547,1.32583198275612,0.836089288714453,-1.01365224531383,0.644293795881987,0.831337253666271,-0.967435056107202,-0.666635675264596
561,-0.182860608237344,-0.145684071384168,-0.935842375909193,0.993317876430864,1.31197499270184,0.407567600911754,1.93134519816654,1.49057915682864
562,0.344393789983724,-1.24724589144415,-0.717996280536896,0.437112451230978,0.113284822254746,0.304119893590603,0.970990570529767,0.288792551097323
563,1.49564307601723,0.712662653458932,-0.553041486867293,0.832308581086717,-0.280073481203059,0.799626212842652,0.907260511184283,-0.00524940508082337
564,1.48142579548698,-1.51465309287802,0.449626876434877,0.249802023540949,-0.445462234355033,0.668169138500927,-0.512494616482227,-0.553023508024415
565,1.74616134118333,-0.995371374494244,0.51335449963656,-0.0208581362666906,-0.0126820359387711,-0.514355213280736,0.724183980722849,-0.417853126224958
566,-0.462013617852814,-0.073643511874236,0.31839120694064,1.21784820095553,0.409847144682919,-0.282616638952673,-0.0135493253080897,0.267261378947369
567,1.52074821377125,0.611081097006208,-0.733907286693336,-0.20716789065803,-1.33052453464299,-0.966927601871425,-0.179395353233489,1.15311802617711
568,0.756837760284395,-0.203424154202431,-1.003838799948,0.0520614088159074,0.458545101653291,0.963671994386539,0.232394507433515,-0.145958552340458
569,-0.568651934531472,-0.845783700274167,0.975826918256822,-0.54224926477451,-0.478539671599875,-0.160395274060249,-0.391091494235329,0.333193758221326
570,0.40010090352618,0.668872966136682,0.188768824443498,-0.595864307329649,-0.397309867500794,0.28194047819189,0.179422535941677,0.269110071949971
571,-0.79923192775726,1.9081866560763,0.51341821530277,-0.710918665767357,0.534627314708663,1.17582950107261,-0.451828816601018,-0.74622777281587
572,0.333767562428333,-1.63046681423107,0.728612799365247,-0.111768938341504,-1.04550715226613,0.35952218284343,0.234914855680337,0.243671249959955
573,0.757751172554555,-1.46352186092403,-2.49200176306791,-0.117506968787329,-0.781159892954597,-0.113672151594618,-1.20140951686228,-0.0046935175667543
574,2.79192700947169,0.49824643935929,-0.627829768901987,0.291954768053033,-0.745215813315463,-0.412589423279406,-0.632511322339027,-1.76480024779982
575,-1.57980367280905,1.35230811201714,0.7271863635325,-1.15465446531672,-0.829342462375861,-0.675727302291803,0.0309300828610274,-0.423981479559336
576,-0.593307371257992,1.0697424426939,-1.25245906073419,-0.748472280108142,-1.13560990780212,-0.638477917934325,-0.53951739146089,-0.591693395709635
577,0.656843243262984,1.01256456122869,0.258750160979399,-0.738097476566089,0.486772828833697,0.309330984512356,0.0360049555008968,0.468546771111716
578,0.321412103193023,-0.0522960285703456,0.19046650566528,0.0133815127238441,-0.672251032040621,-0.690791078534389,-1.15260831464173,-0.379565560754006
579,1.62824806481213,-0.989190221459737,0.342754570948404,-0.0135751632172876,0.279374487376619,0.153085349534732,-0.385027096746223,0.624019004927625
580,-1.93084938131336,-0.65971364020714,-0.0170410181172736,0.126959696231188,1.08945616738986,-0.602805092779524,-0.37546514166317,0.78873814433074
581,-0.408929736748028,-0.0614533751445358,-0.545044508051188,-0.490369064282188,0.630208707145962,0.666137156601735,0.0378228143319903,0.357935216401352
582,0.166565607521289,0.128899099353336,0.382959113238212,-0.131231022296569,0.0499086465197629,0.106452080344997,-0.0579432944360916,0.488595845840012
583,-1.11001630761342,0.323286958413942,1.25541250367311,-1.13865341280017,0.854436153271887,-1.02357971510679,-0.616482950356512,0.723898536694122
584,1.22920381912619,2.23611202596072,-1.48955541631952,1.20662203365328,-0.532200843654029,0.358846057001972,-0.644467943390033,0.426324489461284
585,1.32587396268577,1.23076109170369,-0.726691843817434,0.318191427302974,-0.308748867722084,-1.32079712143136,0.794021044392859,1.34742560010896
586,1.00481779444164,-1.5761415177554,-1.08603081149734,0.720125705612704,-0.296641621114103,0.0734189985988362,-0.163704433791278,0.0578916344762736
587,-3.24940134545198,0.386963055810801,-0.745736621174577,-1.52171085416072,0.96049729748235,0.506000897267222,-0.267399537465124,-0.534468493075561
588,-0.205283896952214,-1.33772069836837,0.613626851675754,-0.210518780606333,-1.46285878238779,-0.246025840296639,-0.289739001013452,0.44917696020687
589,0.607054808204461,-0.786847496414958,0.417324669771829,0.63282319642505,-0.0867814540149356,-0.596520284845802,-0.864825525901094,-0.666436999093258
590,2.48517515264262,-0.495249294911719,-0.232599417085443,1.20875108452797,0.674065037301333,-0.122505506721876,-0.306644295167755,-0.511750422789751
591,0.535081526627099,1.69363265396493,-0.0295621781522865,-0.430401936186742,0.510475431188803,0.942816724117651,0.554141060535199,0.409943760403744
592,-1.59169214150692,1.7591274199571,0.510304484030334,-0.288976666595809,0.285393632491027,0.0590042484810596,-1.21335374124796,-0.62208779066129
593,0.0048888211167161,0.307292891488876,-1.25355924558868,0.592251440559433,-0.0725569935393655,-0.682787037296212,1.366077237514,0.135174516882937
594,-2.76379639104568,-1.88931056213785,1.82924977143018,0.842835461317526,0.36423481937681,0.000846226657010436,0.186032586354899,0.505368640759211
595,0.806471624222636,0.40891807698278,0.623126859154524,-1.23027856391993,0.290868294676894,-1.19828078159048,0.897470265687833,0.763734966439776
596,1.1242399470032,-1.09921946557157,0.438023605944771,0.463400857240277,-0.0314671930967011,-1.24424458696119,0.217190166663957,0.096778973284248
597,-0.627632150245874,-0.46144172447004,-0.723451604582971,-0.0209959532738363,0.211316299402742,-0.930732693675579,-0.476760596311255,0.809600055380651
598,1.17268437961683,-0.986590098458854,0.70928888483762,-0.626143988278317,-0.700840431006774,0.445224399635168,0.599480614147684,-0.67322715435226
599,-1.47325863026305,-2.05981066822881,-0.0409289022755278,-0.659212794000072,-1.535968252454,0.472968127225565,-0.558077192301803,-0.0392125122947294
600,3.26441973922203,-0.149327023840836,-0.322566745584881,-0.0219525879854148,0.265474498081351,0.317710259882305,-0.0960123912830917,-0.200775340524859
601,-0.224583059109608,-0.116079076322616,0.34733651098231,0.0159641077727428,-0.700804966286298,0.368055066223486,0.0880041515328063,0.310148233521569
602,0.252198110776531,1.20659725767534,0.109405479009908,-0.84180927966379,-0.0639478848163936,-0.585210530826667,-0.49117876672101,0.653063394515329
603,1.39798812307015,0.770661223969984,-0.52619460425032,-0.0088209963021988,-0.54072278439516,0.829463048923199,-0.188159746237873,0.628971590271347
604,-0.722928440494995,1.25378904945951,0.328143178659818,-0.816832509357924,-0.350607474580893,0.4105618860778,-0.0461052574170437,0.570677085247526
605,0.7119940594105,0.17699534081179,0.466541053591775,-0.339446669602051,0.946353741913925,-0.108355566127855,-0.206915368357725,0.946905873297529
606,1.60840125682084,-1.17268730875297,-0.5807340466339,-0.506141604581745,1.461724345881,0.2438379459784,-0.984300639238537,0.528082243071124
607,-3.55574381898809,-0.419648437425952,0.996895156394909,0.932467763966507,-1.43702459026074,0.551891033012866,0.2743162722441,-0.0586185035701351
608,-1.10502354984255,-0.252929276446301,-0.47409121360774,-0.400528967715423,-0.217584347191374,0.829797755768077,-0.068230984759041,-0.190015426428414
609,-0.733276445631167,-0.173705524839793,1.35157973799659,-1.35166405479702,0.664007157730971,-1.9765758978689,-0.335560708142887,0.973887733824021
610,0.305438214065734,-1.33144145956631,0.987488104978156,-0.367415697483789,0.0205966686536149,0.624759134056339,-0.160998732244991,0.374456420592753
611,0.53084598389364,0.817943632311426,-0.153507665124027,0.0154080406321303,0.206725043234793,-0.443929790225281,-1.05659165758754,0.896001698736156
612,0.411557369348787,0.812376426211138,-0.262010542682748,1.77115796623735,0.0574483444552126,-1.19145951404333,0.336674797282696,-1.46638098433724
613,0.193148752595912,0.721885093807796,0.27820339506049,-0.167605516658537,-0.133758880555046,-1.2604597870594,-0.454407698191064,-0.6050140783
614,0.25644406652847,-0.653714992375075,-0.706075192056962,0.349641361298586,0.342086944824898,-0.438009650010256,0.576561269878294,-0.482976784217009
615,-1.14213857486284,0.514043537184318,-0.125943112374769,0.367142975123701,-1.97853669038734,0.368602276368245,0.2249039803141,0.257614233898769
616,-1.80247439466653,-0.197312410916542,0.522314486052516,-1.09466907714915,0.620634363451631,0.0945466172694681,0.174549980450159,-1.61679260568329
617,-2.36103998507887,0.324442867869021,-3.34725447172922,-2.76445823746774,0.793738537861486,-1.79864824106727,1.33889772416277,-1.01246035278167
618,0.173881620787129,-1.5741226385807,-1.48694966332219,-0.173829540872195,1.34428672181596,0.343725442727761,0.116691155024788,0.103215173868574
619,0.403715327579185,0.328611372075872,0.391263397338169,-0.775260375304535,-0.202926343855866,0.277588770291015,-0.0786279650237245,0.459331871716796
620,-0.135650803309489,-1.62050735348024,0.0251257494087583,-0.731515700302279,0.467527645751384,0.895450718114122,-0.0677624890050267,0.222806704310791
621,-0.684619497103203,-0.160449001019874,-4.61006080034992,-1.71354216084293,-0.531309345805499,-1.49293868320042,0.778601602926268,-0.590698761838782
622,-1.58053633289796,-2.16647424678673,-3.48296742963175,-1.01934111415584,0.882586769882632,-0.251298454651419,0.757496306237684,-0.0591756340397683
623,-0.818491877116157,2.37785720437222,-0.18005361757706,0.246842530694477,0.321233993323427,0.650528316618202,0.0612808613907514,0.126966788182332
624,1.78533724099973,-0.412490695825259,0.262238511208319,-0.639003342868646,-0.22197160631665,-0.174894788652587,0.687907674617522,0.539372844607994
625,2.25953768778373,0.0947825608065596,-0.097374625131546,-0.371220262418151,0.0940907650012184,-0.182802363936204,-0.581625788710713,-0.0308271162861573
626,1.45927863621986,-1.29213110900101,0.334698844976612,0.539484582266169,0.0503175170351288,-1.06463820198467,-0.0773709280394934,0.34354734590259
627,1.29981831522607,1.40543297729287,-0.435206579123919,-0.171079334161234,-0.0175253643090309,0.341458338662556,-0.0365214695505838,0.280788414832373
628,1.00856504464925,0.459760855586778,-0.276803853764688,-0.599751925920871,-1.15397894867362,-1.2836967403197,0.148651707255275,1.12966549584632
629,1.49072051179813,-0.803000020821663,1.04043926910111,-0.555675340765971,1.04794624636509,-0.803733845408548,0.908813460770833,-0.241868957393998
630,2.08577361571971,-0.255085572462198,0.543680782174757,-0.746100141274927,0.472834187431989,-0.362623356419887,0.563106357647172,-0.527542816325503
631,-1.38640560453662,-2.16755944115821,-3.17588422779301,-1.42697799805881,1.61253011267336,-0.985853025606256,0.645529588478717,0.0417363185838548
632,1.55137356063783,0.444425093428924,0.112277474407798,-0.413689413422082,0.397118574055233,0.586235725948513,-0.826037437186288,-0.337362886267573
633,-1.21346026454907,0.330605822660395,-0.409459434227728,-0.200736312681336,1.53179588831968,0.154689394728558,-0.862059959699493,0.723490071404283
634,0.521193637122067,-1.8227240372228,0.941035806205342,0.782252648320432,0.994947363754628,-0.47544021784772,-0.817198907858238,0.446719149578041
635,-0.687360904484973,-0.0206815272569067,0.84872711213638,0.701759687979596,1.45518069558733,-0.490331272816112,-0.375482185023485,0.320510889885348
636,0.637372648770548,-0.367495962445311,-0.591385653154592,0.127658983302631,1.38719585514694,-0.445487802548528,0.976681401248158,0.119056987976791
637,-3.06106075096692,0.69820313970731,-0.177232627297439,-0.17205461066708,-0.184396004889042,-0.024251784972771,1.40664289587541,-0.128240955301668
638,0.628781775526034,0.517797224629458,-0.159713527799286,0.298682877846223,-0.390442774166693,0.00576838892431312,0.161066747263142,0.333931532081401
639,0.491478559958845,1.72040804104971,-0.844515407930373,1.15024429285232,-0.359739241582331,-1.34332633739533,0.826309464366818,0.558091415658252
640,1.12927621636176,-0.542468983265171,0.236734984794777,0.102207433322929,-0.521637568975821,-0.663230039792228,-0.63301418900418,-0.627049444687527
641,-1.25142065105536,-2.20104198662629,-2.26188615431021,-2.09402841399884,2.29031135133366,0.637881295869446,2.03445480772768,-2.18510153620746
642,0.544446476123784,0.771066529637727,0.0547021335753189,0.0318157199389446,0.032742872048387,-0.740712862577421,-0.491413054353732,-0.247616003466106
643,-1.38723802892636,0.814048145579386,1.77074653261653,-1.87727304749978,1.53459118945608,0.596661536227711,0.483703259316281,0.359410869599589
644,1.01935614595011,-0.360697706938899,0.059881342772403,-0.0189365841988672,-0.680883543578659,-1.20570433507889,-0.362129088827396,0.350556369102768
645,0.809385484503789,0.374401039307017,-0.796587487471688,-1.11082492395107,1.04314564652241,0.435766802488966,0.375687950319936,0.945273413636849
646,2.07939229283071,0.462314303512977,-0.557244286567899,0.393378135378324,0.223744782188787,-0.505125762356908,0.222525593607152,1.17631298921515
647,-0.944328608872409,1.31680159195076,0.905303873530779,-1.1856675386971,-0.0527519584953925,-0.683849485082584,-0.388432328812773,-1.24412876787449
648,1.77491310970071,2.04206043024825,-1.38533245602424,0.440551646172976,-0.493572868853454,0.623573425759261,-0.671201869883138,0.956785345616217
649,-1.27875378908375,1.88121526887468,0.397474873996766,-0.360048623664461,-0.0688294238959259,-1.05296822290892,0.418743681457829,-0.316851077512255
650,-2.52782791761035,0.620808200878248,1.43323128134941,-1.54452838736392,-0.448134438733973,0.647130530415502,-0.0405921721904269,0.174927312688888
651,1.15722069966446,-0.991480270207916,-0.137269059745603,1.15020818650024,-0.755934997271544,0.0449255673343721,-0.251386183550387,-0.0493319775375365
652,-1.09721112239894,-2.18297564449495,0.760639118383419,1.02661029598068,-1.49822415939822,-0.412711940475436,0.18608962492869,0.642213753794666
653,-1.54167120143459,-2.96247094436833,-2.31382949129771,-0.19540282099564,-0.20399978412966,-1.43566697284535,0.85678854875521,0.103639025804617
654,1.22901869447788,0.467720336428711,-0.534250330222112,0.544238749181258,-0.769779754736651,-0.388260502596201,0.119496422468857,0.348499931246313
655,-1.69844313612121,-0.75169590655049,1.0314765408816,0.336102016802546,-0.0791243513284523,1.76197436177809,0.0427210605498388,0.679447671597238
656,-1.12952323124365,0.575937998257704,-0.0512571810888869,1.79040613674614,-0.518429868755253,-2.63552199270334,1.66466064143227,0.349288517238066
657,1.96961157567929,-0.640933287911262,-0.062772719502607,0.874546617884957,0.730197496941132,-0.396616406158231,-1.08984341525156,0.184828589206368
658,-0.689388626729205,0.075106756139865,-0.64968098765421,-0.673830076139403,0.240514207483419,-0.263273017596027,0.0541768039207274,0.945048912837021
659,0.446169362610333,-0.888986302004458,0.650926841215307,0.439660397759691,0.256265884557868,-0.393542498812097,-0.573783821574998,-0.332491454590149
660,0.112215517998875,0.645529780423134,-0.150065887495899,-0.445265276359082,-1.20359303039359,-0.281593336188763,-2.27596004436835,-0.227533735985165
661,-0.304400927497752,-1.40701010587499,-1.08368256929281,-0.106136894870271,-1.3471406310329,1.08856016396367,0.947412526398286,2.32470837031215
662,0.70652612640014,-0.885556300973257,0.923402750645878,0.118031160548365,1.33473210453729,-0.370503700392506,-0.975251902981179,0.0571670443384215
663,-0.429238155301081,-2.30958273705657,-2.44748971231588,-1.40754476812718,0.325619952657561,-0.464592163886495,0.0884339312131172,0.479211193660843
664,1.1971972864722,-1.18519784364331,-0.343094036669398,-1.30087496440074,0.467994935482874,0.0402980401978104,0.268067543879419,0.488304312720608
665,-1.56367746465244,-0.781762776126479,0.000277478177507216,0.10916460981356,0.307095431300191,1.01717726823133,-0.281920820610143,-1.19490383894701
666,-0.638692134424535,1.10836845563798,-0.262494187254564,1.00587643501578,0.0479392312731532,0.806862182403881,-0.621789577953138,0.640552608147313
667,-0.225645559840492,-0.944444602849757,-0.245720623397122,-0.0242139824409097,0.503337799394823,-0.673114790194161,0.358045990603678,-0.629163972440775
668,-1.32182670538647,3.28345235631795,0.107464853643299,-0.661598903338607,0.229814342999007,0.55324907342265,2.26891063707554,0.27322154448375
669,-0.105462912946735,-0.0167369916634982,-1.17483981170694,0.567391829270705,-0.333594981397962,-0.906394919678565,0.0184214473991923,-0.50078691625765
670,0.090314291117183,0.582970486313379,0.839032672028086,-1.14432072435266,1.04519860164914,0.780672166396368,-0.727037560433599,0.521465513820648
671,0.736095474714773,-0.153270453286637,0.616324935586368,-0.806106482543416,-0.379840847382046,-0.17972845659007,-0.0655661950341479,-0.548147160082674
672,-1.38438286906195,-2.50681411288266,-3.96556687414064,-1.99320652626816,-1.76310516552459,-0.580798831050674,0.43321855407855,0.28421104592359
673,-0.849270301040186,-2.80372193429809,1.10562859902047,0.963396284694717,-1.27796374467889,-0.163582845288604,-0.345375841741613,-0.166159347072106
674,-0.332837921823126,0.132013276350603,-2.14291200630179,-1.32428644782423,-0.502927918597462,-0.887051298321918,0.0861475766280093,0.177000617632002
675,-1.11191332815846,-2.21249299459856,0.386553677491027,0.238746218377454,0.855347914956035,-0.0177166335664078,-0.244413664679758,-0.16570403764892
676,-1.90039331737474,-1.16237598945542,1.59871348060018,0.202354433026044,0.4162864825049,-0.744919344036867,0.818953579470913,0.545086963393988
677,0.0203535679066698,-1.92775255408664,0.478402059721857,1.36945256633979,-0.882884510087678,-0.185728983082312,-0.0147575074704941,-0.0317463462967229
678,-2.22185874896074,0.762687216500206,0.109763437344617,0.973665137960607,-1.28930480742927,1.2554971685059,0.00370686795427531,0.00133152488387074
679,-2.17168770093328,-1.88820093917619,1.9219705493325,-0.21800696388761,-0.459502412659402,1.12860661730323,1.3618268876057,0.185622027840402
680,-0.359883733694334,-0.146719853230119,0.972207985822766,-0.322921831278099,0.224673993104424,0.367025896042118,-0.544319045934756,-0.915059571313123
681,1.74938987297261,1.21197642924882,-0.655208146749734,-0.0438990135649162,-0.348210303822163,-0.103717600164468,-0.333117667357534,0.205716198625036
682,-0.0346632921985374,0.920975649200665,-1.07579606060875,-0.147926254071788,0.418659409029658,-0.176676078419808,-0.137596444620249,-0.568498432671591
683,-0.699345183264231,-0.139056658612603,0.665667607438747,0.863890507671892,0.69876690358301,-0.58310738895318,1.11306132000398,0.736046537020888
684,0.815680376486574,-0.705455597136573,0.342104929749451,0.585441891712615,-0.322930158272904,-1.33783526577246,0.223239422569429,-0.462945856993901
685,-0.657513996779819,-1.43323433225738,1.16201471851793,-0.444628933467425,-1.39087305653267,-0.43777351332722,0.314480061486525,-0.729998228003605
686,-1.14241941354815,0.756191374355234,-0.146584132316483,0.924997715298523,-1.12071956979376,-0.110932738861896,0.102665832885571,0.185463405201353
687,0.226799515500995,-0.0574421302871602,0.494884567093451,-0.530611880069644,-0.912468334188073,0.711008560992837,0.340466855003651,-0.594975983342263
688,2.12589571874318,1.049609291636,-0.474258749975107,-0.135893156206706,-0.612609696678436,-1.09502031403763,1.31710125639406,-0.454547946338794
689,0.236125252199183,-0.228037180864533,1.00633037100744,-0.799672532026715,-0.414753755841759,0.166861065272299,-0.84045378533079,-2.26475903489562
690,0.0763584917424948,0.815598825651702,-0.733066776393333,0.744674161746419,-1.60168451953535,0.267585982309965,-0.543156858422394,0.405431247183962
691,0.634817446153639,-1.10155965737353,0.398901309829513,0.682836903310752,-0.284994113786197,-0.0177187377736907,0.622728454277138,0.350801652007036
692,1.12696765543222,-0.204532862697483,-1.28231413493753,-0.715527590621247,-0.878486936486148,-0.915706799802283,-0.325593347488496,-0.0746622504332697
693,-0.129920369649161,1.88423534938038,-0.451382769552349,-0.212484502073117,-1.11871150244071,0.0252364103590369,0.428425419719474,0.204801884878787
694,0.290933695380086,-0.06287259179308,0.0720866310066177,0.78700681523552,0.174850091982848,0.200937481540748,-0.620331557349888,0.451671734921764
695,-1.6309803800355,-1.61856032431261,1.54839114052618,-0.4220709769203,-0.652734284746432,2.35782742662418,-0.0749697919412209,-0.023680558051386
696,2.51113542528877,0.284494418708951,-0.576796465285558,-0.218155795415823,-0.193048754514163,-0.459654568081097,-0.893813622035358,0.880590612462674
697,0.819764043167988,2.38321747667988,-0.989788965010916,0.174970606215346,-0.475121164531858,0.502207100698666,-0.334575687960785,0.394597071850585
698,-0.454326431840345,-0.793368861342533,0.102761728845662,-0.918761167616782,0.496470706060722,-0.396942700926583,0.376401779282213,-0.693985432572205
699,-1.16833719410102,1.12716740250091,-0.829292977802097,2.74757914150549,-0.955389235857905,-0.295413268933525,1.16716329406423,0.322691399797705
700,0.988264229131849,-0.74277630365611,0.552655228615913,-0.147013921745728,0.100510335713514,-0.124463422153933,-0.342467247102701,0.00774760179795865
701,1.67917422719611,0.0466909342058664,0.359480249668938,-0.672834690156482,0.752528311687708,0.547015359188899,-0.540550226341046,0.255455986531307
702,-1.65169200168379,-1.33233672025613,-0.509470644514702,0.987471081824125,-0.465560311585951,0.588593207225584,-0.433031030859111,-0.173796420097633
703,-2.34849085895756,-0.272233584700903,1.68573037632826,-1.2256267891594,0.172472688333803,0.194575320916552,0.260025215761595,1.05588348790676
704,-0.38637253115924,1.00347388318742,-0.126252992846406,0.993631501133507,-0.377486375570667,-0.14957187261054,0.484891633987816,-0.422308609848572
705,-1.4624124180327,-0.121780707402005,-0.956403907623381,1.60341090631053,0.99213231816652,0.0201306486999613,-0.458757758808831,0.728768508712735
706,0.75039057422396,1.54761239761725,-0.836411831299624,1.00888637515415,-0.276547590724098,1.53401025137579,0.356215522864917,0.340759225390819
707,0.506164923998014,0.317540047292304,-0.284694618556899,0.993808826424614,-0.550077433436026,-0.790150624825248,0.179716314747275,0.0413549173789375
708,-0.801504555183095,-0.408539112622017,-0.833087995116575,-0.461771619809192,-1.07133286989548,-0.833781849455663,-0.351003058505372,0.301036966956616
709,0.925655897051173,0.815137722396575,0.190032692419402,-0.748021398231833,0.220034661776837,-0.268655999885552,0.0309452244446609,0.426568597425111
710,-0.285047704006205,2.30757831447498,-0.27953118192113,0.200757703081292,0.461265296713266,0.342944554008282,1.40085229249659,1.00081246277539
711,-0.236039840273943,0.533203672365337,0.35100655280047,-0.347550328361136,-1.34966278195238,0.570622542775931,0.349540738861859,-1.43456322875949
712,-0.307064849554503,1.54000346453151,-0.097604097591859,-0.528984812310065,-0.860381206339507,-0.111926343112722,0.461911385504787,0.428117727166344
713,0.39021886172363,0.767622244198472,0.27754131762458,-1.02616730847155,-0.00293344469989562,-0.878555730926496,-0.751759133214529,0.822296107438852
714,0.0215935678587034,-0.896441351735265,0.430199550275256,0.189668164105721,-1.53135364108726,0.270283211933034,0.49901461255121,-0.50627538008502
715,0.702182211159721,-1.81613429026726,0.419290585460411,-1.41960914751189,1.59672939181971,-1.01883436262258,-0.58829212232991,0.3495583933507
716,-0.616574241796437,0.365386259514179,0.249790848901266,1.83672345836652,1.12193278268841,-0.80894699358845,-0.132762844783883,-0.0847518648891217
717,-2.19983623114618,0.97412061958626,0.569336689993847,-0.111665480096651,-0.791201544416461,0.964794391248261,-0.924978239687515,-0.398269098176724
718,0.239852338015516,-1.24612022356918,-0.430228908320499,-0.100345701884643,1.19923146081714,0.10419483988035,0.0413492420524432,1.46467067739426
719,2.39451503158986,-0.783148566881364,0.284018773772014,0.129845870544339,0.728212384083731,-0.139678617554128,-0.54886887298274,-0.407339169997658
720,-0.0238466704124551,0.181856469112905,0.372858203279906,-0.137489460228691,-0.459640444656474,-0.616272630170692,-0.311979642599521,-0.202747773496991
721,-1.15403870641799,-0.898980955088183,2.33195042854061,-2.33295212232491,1.75557055429228,1.03674246392699,0.101451191543432,1.6808565173711
722,-2.77228419435989,1.28280005177752,-3.03825434732886,-0.257447233181558,1.00724110178405,0.597279339962109,2.43378546265179,-0.117846156345711
723,-0.618990108395357,-1.59150220488321,-0.764021588317452,1.58909145010213,0.46540900760143,-0.226248679572538,-0.0593510471767535,0.730943053680067
724,-0.322518850742001,0.184067331359352,0.353542373657569,-0.26731072944135,-0.103637148884812,-0.0816431129261085,-1.12965425331788,0.872218400176324
725,1.24647090626749,1.64864710956945,-0.808052522578581,-0.0753699006614539,-0.401744325355688,-0.0333362521944827,-0.600710547935158,0.82270311306988
726,1.56643941747064,-0.252315521193079,0.145726665730243,0.452594259563807,0.198517229617477,0.911592554557724,0.409281010299293,-0.590306663660038
727,0.844769145704308,1.88738384497498,-1.05604773027665,1.6738962673027,-0.110300685892003,0.09390408073752,0.232437034757506,-0.354083694114653
728,-1.74555616124442,-1.04864908344907,1.03175077972712,-1.27477060609855,-2.7889981398536,-0.915209711037,-0.0665219271337612,0.176750181063001
729,-1.97973585900612,-1.48532291930739,0.0836254246939405,0.673611720203517,-0.232548371743282,0.361976875336266,0.71472574345151,-0.950374535276054
730,1.14019296136733,-1.75244185907226,0.108471340666999,-1.42144400918925,0.591175908670934,0.191484748672496,-0.515399167850813,-0.689571818657487
731,1.0536852314366,0.375581945659356,0.187077965475334,-0.446017869494394,-0.392427887024095,0.262706177528416,0.702041289531966,-0.258236227122625
732,-1.17135899162129,2.58640551104169,0.123720532299255,-0.567955445721881,0.153340686001779,0.961569064744517,-0.463901061741358,-0.340451744981154
733,-0.178320129196247,-0.401612309311091,-1.97064007710921,0.797579414556447,1.15805622135535,-0.896626206621954,0.259542289316369,-1.32058528883857
734,1.85270428304844,0.731184413115546,-0.196792995186223,-0.176938311944649,0.29981449194158,0.688529820561534,-0.315985691160958,-0.158081655523075
735,1.64845749667288,1.16564423118974,-0.330321541392732,-0.0785879298285272,-0.109722825363607,0.224281651286936,0.234096038979776,-0.616060914751546
736,-0.873022784788268,0.33119168134433,0.898430546640386,-0.429179966301279,0.465535269086876,0.69153207735232,-0.265844349173618,0.125513503007079
737,-1.30187878101597,-3.90617383357374,-2.44817615793303,-1.67680188576976,1.96509832165328,0.320564348437376,-0.548615425753441,0.00396816637631344
738,-2.50009407944119,-1.67793415803442,0.902563255554871,-0.588532370779728,0.431384480668779,1.12576853493563,0.768602601018858,-0.470039564294248
739,-0.0109118819275209,0.227141271332136,0.445298243110067,1.22912695328797,1.05600089737473,-0.419198159413463,0.116675230734226,-0.710013666613879
740,-0.412544160801032,0.278808218916274,-0.747539080945858,-0.310972996307302,0.435825183501034,0.67048886450261,0.295873315297391,0.167713416634527
741,-1.29008058041099,1.80373890247281,0.221875034378027,-0.610080305293198,-0.669727570216213,0.640833358324222,-0.581063847794097,-0.370655731219376
742,-1.16859970246042,1.36481864690749,0.489546353567998,-0.359921105497722,0.164386948022269,-0.472187396511213,-1.22143810025693,-0.38420354920882
743,-1.12258516798243,1.40999393330363,0.362915432247561,0.137660850812468,0.133828133809506,1.36423818371723,-0.0331954549845577,-0.525908380499774
744,0.486318116006727,0.134042959999074,-1.2081832361392,0.501242385060157,0.632272425068359,-0.69939802838158,-0.419557227745038,-0.0545818444775629
745,-1.36232428765518,1.79036561831969,-1.18507899152641,0.52180992005108,0.887630877268396,0.461089718531013,0.17267190969023,-0.0164080408197168
746,-2.4111513618964,1.48600666100854,1.05230931798482,-0.70763071999884,0.181941848557306,0.141430272128373,0.89680839412249,0.124929957489876
747,1.42271238692116,0.516975429436002,-0.61309438945777,2.04795940495998,0.681914814838283,-0.0583749862680878,0.256614829051889,-0.191860004391307
748,0.88634614387634,0.553688406406455,-1.42151218434383,0.374606568570451,0.119326899206821,0.186244369181597,-1.28815067610541,-1.68736454771069
749,0.304305519783078,-0.0679280769526169,0.530453931911171,0.242265689070496,0.968740207229849,-0.666428134984973,-0.44076180835814,0.585677730066119
750,1.00648079877501,1.29426378089802,-0.132389822864116,-0.536257426209867,-0.371523780113607,-0.970750614052594,0.833522962069942,0.037240866725587
751,-0.418374717680852,-2.75508078822502,1.30588734603168,0.70408404181881,0.0309510003602379,0.246391832042087,-0.492312812559747,0.61399126921109
752,-1.83089520697815,-0.760726297355847,1.10069112569793,0.164086723419273,-0.776170105705832,0.246787623029237,0.621723787844268,0.101954578987343
753,1.45206274617351,-0.0599630667863119,0.627689713520578,-0.952005135513478,0.747052773071822,-0.00760022415182308,0.0399928416322653,0.300654984729469
754,0.919232082068879,0.381817856605408,0.116013517362477,-0.00421766784175738,0.67272871441328,0.110471185608277,-0.786963673906418,0.60085537311699
755,1.25550749194278,-0.682473399988826,0.56421064844706,-0.772314583230348,-0.16761938606156,0.128337266056458,-0.909714257453714,-0.144251030218238
756,-2.09514074859456,-1.03869920026398,-3.38198426143723,-1.9754752428581,1.14806721911643,-0.54893217430257,0.365831158747051,0.0907235154706369
757,-1.82865570307319,0.42906788623541,-1.39667601787959,-0.884595482680125,0.622107298803869,0.484025291895209,0.726230502884327,-0.846976075395443
758,0.203912579663527,1.22279548372473,-0.81507089169931,-0.673357921483436,1.11665238288941,1.7559826034621,0.376492203598379,-0.719311769668513
759,0.277530874471791,0.561093297269534,0.169210916078741,-0.337576599571023,-1.48873204467907,-0.0727500514385785,1.68960693239231,-0.861569056148806
760,-1.06857966495378,0.230169313914279,0.338926459992167,-0.140140767994633,-1.21523603793923,-0.335435343628729,-0.688650950220911,0.146150913257162
761,-0.502223218620082,0.499140480883728,0.488694726841673,0.889833007645344,0.745547901567906,-1.56308337744648,0.971128026837057,0.0329287302355025
762,0.129266587740385,-1.23552476108064,-0.266727311987622,-0.00418881381831439,0.864223075643184,-0.157719573613052,0.0629901334756098,-0.0815440978400555
763,-1.40593126787183,1.29940550016912,0.836822754066105,-0.713878798781361,0.45330670692236,-0.77267814651172,-0.0948274549448556,0.0845816088646987
764,0.86899827380304,-1.0278908060478,-0.606112947693519,-1.24379187288016,-0.0285981984945042,-0.350774939107001,-1.09468511932846,0.537981322553812
765,-2.64045334486728,-2.25871051868071,0.180148246687448,0.79522722229291,0.14379249260268,0.335640708749568,1.707130983933,2.35102683285532
766,1.10336811457376,-1.52253891654259,0.851730555141814,0.410110767620059,0.455531388679495,-0.417128507376447,-0.30921556895011,-0.669615953895919
767,1.73459620326406,0.320019838041143,-0.709792253609623,0.68263946854257,-0.457546519545116,0.178281761291419,0.0794664383534537,0.985760421219282
768,0.173448827247626,-1.71691881352676,0.721763025138132,-0.0992986847502806,-1.57035097484181,-0.281538529407886,-0.565683832246472,-0.570407027270029
769,1.2749085875033,0.946851009787914,-0.316236030351583,0.246172646159411,0.193544445453557,-0.575345040110992,0.814177648542171,0.703765330821771
770,-0.108627318070352,-1.91720723465188,1.08280499063348,0.521262150759068,-0.436110331302963,0.887042234812143,0.278780758370018,-0.65058746034309
771,0.314468400270939,-0.408825192185324,0.462322458671803,0.114713950037572,-0.283453336164637,0.973603089363554,0.612658008226595,0.104642523274653
772,-1.83517964127498,0.466601716163575,0.106222715079921,1.39329648406523,-0.916311979892576,-0.43115886282657,-0.38367661459939,-0.244416266559004
773,-1.91398085154522,-0.563854032688641,2.08848369623415,-1.66433510001019,1.67577095701785,0.600198290346368,-0.144962256021941,2.02625590395678
774,0.723118170254823,-1.08593727854156,1.0946657922175,-1.43548961370153,0.671687192255121,0.35812432539966,-0.8588287238254,1.58972210129542
775,0.53061196768196,1.15256897795235,-0.0687255026728847,0.136424539987188,0.132754645919436,-0.48223632133633,0.312705023950431,-0.0142516433575734
776,0.363009249584025,-0.748510637843543,0.295470781971167,-0.0412136004386971,-0.970475465682932,-0.370466072703368,-0.469172412767663,0.404308730237756
777,-0.202227870975041,0.70900419742883,0.175114983187653,0.390190869948844,0.720822662051396,-0.591695079114113,-0.450304187970362,1.01244284474414
778,0.253620983285912,-0.593985996039304,0.961550765318737,-0.38760783224789,0.613216399811902,0.558558961565535,-0.298367056780298,0.014168289476349
779,1.81000967321604,-1.52197419819555,0.827774526386469,-0.599635062014651,-0.780675493001679,0.0858495594662285,0.86454362919719,-1.31120315564041
780,-1.75277239051423,1.23964288625869,0.401507325738567,0.370155342176647,-0.420976563738256,-0.915706587570818,0.582351170061624,-0.186172300568407
781,0.0957659867730921,-0.808813541510827,0.28391536214002,0.584087061045923,-0.702345743907857,-0.623266760913759,0.0980745975833493,0.556307362253952
782,0.949518965763422,1.87773950723541,-0.707730339213449,-0.261151924735201,-0.950126264805192,-1.34119349700876,0.527384384650769,0.388933765196269
783,-0.570407816584321,1.39727361026815,-0.167757910140642,0.680407573631074,-0.407942001474402,-1.69265225273915,-0.442770644791036,-0.449836491481142
784,-0.751270746917256,1.00116955003119,-0.11096153006058,0.777802585229211,-0.370005956987695,-0.372535724740384,-0.043281613083327,0.363911017519795
785,-0.439096752347626,0.267144087535379,0.187451719029411,0.476365482781987,0.115840531833437,-0.283296753829989,-0.3073813699542,1.11385764756477
786,-0.117607402507138,-0.84465517804669,1.11366941783335,-0.733309499401641,-0.790184164786572,1.5971792631677,1.33862045573048,-0.701530334256029
787,-0.585974496777395,0.781353024021178,-0.75298219595909,-1.34176366991811,-0.720832132542702,-2.10010890730573,-1.16357095834869,-0.991903262656189
788,-0.693833271807178,0.592891714631791,0.82741933596571,-0.907452463858094,0.400196941912389,1.6551307955315,-1.11956809521911,-0.0176009978432449
789,0.17948777717002,-1.43358488001357,0.680653461267587,-0.0507484211053347,-1.19123863485423,0.312726843437794,0.237939483633073,-0.03619116517912
790,-0.840818788765329,0.27584605185981,1.30182377404058,-1.94093132850094,-0.244108406408996,-2.57495925784421,-0.607257098941213,-0.0265822747752719
791,0.415689927593571,1.79803246485466,-0.72338151379685,0.577286896913006,-0.258351175571006,-0.0602171760593275,-0.8264726289266,0.223590728386001
792,1.07923183924284,-0.97869047095205,-0.784492487504476,-0.174588445704675,0.649996292958445,0.798786131956718,-0.57777282677612,0.180401917829159
793,0.0610596459018295,-0.850630544167229,0.574194675088859,0.635405791473949,-0.115335388260612,0.462325859912072,0.375786940273445,0.0232767951823177
794,0.408556793524562,0.468016126273363,-0.15242455354707,-0.284158991784067,-1.74251425453707,-0.319085304625609,0.575830886291622,-0.162526600665205
795,-0.0935009780417935,-0.411600772778814,0.505594317049485,1.25428104888494,0.596750249744874,-0.0640044947237045,0.256573420797652,-0.328736448654173
796,-2.28007862037,1.48540699848237,0.83609703075187,-1.09105135303165,-1.00362787920964,0.336323503060436,1.2745671769883,-0.0141301004228355
797,-2.85125784692675,0.286043389006056,-0.22034271067819,-1.90668162082475,2.02600756026291,0.197387964475934,0.439848696173149,-0.885830623317196
798,-0.41441776154174,2.96304221619744,-0.446461068791127,-0.155473760003183,0.104464004362576,1.21295259337619,0.553177802356567,0.297973131646916
799,0.738412694914785,-1.82449951067772,0.877957481334738,-0.00805713524380308,-0.494786438616042,1.25406369818245,0.762098577902243,0.0591546265563408
800,1.49179998413707,1.0947458650339,-0.505378557556756,0.450555843589764,0.49341528158542,0.233395376569946,0.779702157907622,1.08215249249897
801,1.12308762779619,2.78777116446185,-1.28689049546604,0.735952445545679,-0.489488443558616,1.52198468896255,-0.381391015382099,-0.695694882011716
802,-0.31008488561733,-1.08330906729039,-0.125792681008274,-0.0565818864879897,0.900512717640339,0.0333315318737564,-0.186481246056201,-0.430058041508076
803,-0.798465500813981,0.568805423846753,0.867275097432621,-0.827115063396098,0.462736773642258,-1.17541045383398,-0.652498781669943,0.479593607563262
804,1.16094345659067,-1.73451260938551,0.815917310988975,1.03670790620393,1.09984111810238,-0.236197977270103,0.509537924036213,0.152737210613978
805,0.798707086090239,0.191506336176852,0.379223070283534,-0.540702767876894,-0.225701493838284,0.582216620685233,-0.0970170577159614,-0.449622413544552
806,-1.49284729037622,0.73727172781125,0.929556311073247,0.144810511198389,0.555697642985404,-0.573801376246919,-1.43765780163615,-1.41008104857072
807,-1.84559305996582,-1.32863206971717,-1.18701496803255,-0.943858072367293,-0.529774853855326,0.646942587834681,0.199378939178898,-0.338775086427865
808,-0.411973143888997,-0.500409489355591,-0.331786947762301,0.19505509748806,1.20331588611198,1.00260610308364,0.331160096553483,-0.187809550233671
809,0.146692149157071,0.227067614154776,0.300641040860554,-0.0751724658932719,-0.229191919596769,-0.229336751259592,-0.0574485320114735,0.187744343857635
810,-0.830447412551015,-0.481015791451735,0.0369410709985058,-1.61912101901001,-0.0709362937070284,-0.379032545392933,-1.25953156199785,-0.742223925391164
811,-0.384509343437013,1.05524115761018,0.512095153037472,-0.79912835295186,-0.148409638119492,0.547510032042395,0.770579828452078,0.0974139155389649
812,-1.02571948675606,-0.562966583125321,-0.768952239386371,1.54887414671543,0.697143462511356,-0.807844068644452,0.0983364854160073,-0.176964952037057
813,0.725668064120962,0.398589857270702,-0.43152163014685,0.609052268317788,-0.925105789525935,0.000987258278092809,-1.76663734840036,-0.648080401239725
814,-0.481925215538463,-1.66458316109685,-0.650641624589372,0.558151492912312,-1.27464678605772,-0.0916162212299971,-0.482224256251453,-1.19597102685541
815,0.765609348994729,-0.860011482728783,0.162048002654844,0.857271010452766,-0.612746720959555,-0.30236052207177,0.878249089714421,0.139590765396908
816,0.533959584586382,-0.834979162618356,-0.50278818672536,-1.31987559790605,-0.110382908626334,-0.53038132408352,-0.800124024625013,0.291212949935469
817,-1.3633352805566,-0.33889112903891,-0.463799661752497,-0.873672538297859,-1.10305859824408,1.63319492205591,-0.487000683613038,-0.49947258391975
818,0.278339186890296,1.34994105887292,-0.0995435146881872,-0.288168766950302,-0.373607265145688,0.915426217797185,0.697558640975979,0.210507061241999
819,1.31813607492631,0.731683748803089,-1.81176617789307,0.459142225578258,0.636131768383653,0.886241708892609,-0.800234583927867,0.338982960250505
820,-1.67874649006771,-0.215582814732112,1.1876413123033,0.603398946713873,1.08380406335123,0.165300604582889,-0.187964414260302,0.127494878401993
821,-2.45556621155428,-0.994033485722067,1.95723882657005,-1.07436671520775,0.00583709883521319,1.38123677309193,0.131568171176354,0.480543978919471
822,-0.866417124452453,0.630212421151328,0.616869037099248,-0.174996650399751,-0.0232435520740296,0.441758951912979,-0.553861425546978,-0.488294456635105
823,2.04768686700713,-0.291266326698712,0.546683359777783,-0.636401842227073,0.939431416749663,0.765627503417868,-0.270427480235304,-0.340541841070234
824,0.517520981964279,0.91547662594097,-0.506451783635725,0.12331092597739,-1.51895258992115,0.864664310419533,0.255373422387212,-0.0761068098045123
825,1.9763162293469,-0.44976125929101,0.0318874754960329,-0.427111852679942,-0.580313676288899,-0.296208576421919,-0.149696369471955,0.0826926422119041
826,1.08177408380009,-0.796271630116905,-2.47275946482189,1.12051548801662,1.23668395856503,-0.677317494849214,0.174917352453944,-0.388893984561615
827,0.64058420895177,0.770471481969323,0.378926661496411,-0.861434988137677,0.402055786362093,-0.0308095549931083,-0.221550783039886,0.357917068896164
828,-0.904779774851945,-1.1995719812772,1.3272650900502,-0.109886082246301,-0.8176320406715,-1.80771294350267,0.773279744455926,-1.05780156048524
829,1.39148648910892,0.863774253611887,-0.150145375723425,-0.497503566063926,-0.0259332352646911,-0.373691399207111,-0.00809523482150634,0.462126083433325
830,0.516956025298869,-0.502918515233373,0.0519905779801919,1.57462416814662,-0.0769820283410609,-0.712158219584434,-0.331064481335395,-0.737754209364618
831,0.751499374133853,-0.79250264410066,0.659479683443428,-0.295338562772784,-0.478461066534881,-1.26899267043946,-0.307496994043534,-0.671491061861614
832,1.2229840510541,-0.610518111650152,0.163063312502584,0.796083527075091,0.486489769035196,0.19362986142417,0.442800280098309,0.606784924020298
833,1.38387277594301,1.39431150945552,-0.670263260440238,0.653642563920867,0.417106110069477,0.608404574934149,0.493720184637761,0.790185121682463
834,-1.93226464414761,1.98531819572734,-0.336581629846861,-1.49535830008723,0.455951502339346,-0.165964010078098,0.78789145191711,-0.422692551710096
835,-0.395095228306204,-0.442955823459157,-0.421616871802984,-0.594977884330431,0.530196933274913,0.407660615360643,-0.766295263972173,0.12457085629282
836,2.3355178442674,-1.46818695040566,0.723615211969518,-0.31495391209707,0.768456554184897,-0.905975402730306,-0.775468511266327,-0.315642116768954
837,0.55094811008501,0.677953499995824,-0.321347094951576,0.520498289700672,-0.482046677082082,0.46244158555289,-0.671477565770098,-0.0807704966280839
838,0.107277902748646,1.03705451442305,-0.495789884338649,1.49650202714668,0.136131313495053,-1.56996178254873,0.333917760976385,0.687936574176044
839,0.871686327526224,-0.659699547480083,0.386564573987755,0.596662290477609,0.319988016431762,-0.326117063057814,0.479805636260976,0.249386849186404
840,3.40543172645194,0.0509802965501041,-0.638486989406016,0.227268767083242,-0.356673406607984,-0.221056357755989,-0.38655933318457,-0.835572387010344
841,0.264912914586513,-0.302926978145316,-0.349288555714222,-1.18893517688525,0.0823848611151688,0.00929912920333946,0.574232387969196,-0.577062218471655
842,0.710751990368727,1.34117868210335,-0.250356178215033,1.18689927563933,0.826643868771831,0.585660751463016,1.37617965626616,-0.249096390189245
843,-1.23516378047515,1.30279502769683,0.514448089441545,-0.0904129989741027,-0.284117054451342,0.184840276572961,0.545312509885254,-0.802549971127292
844,-1.78019771242132,0.316976475823919,1.36757430662367,-1.05632160899176,0.664856005038664,0.0701350885098233,0.0805918040073832,1.01101525793764
845,0.143648742016102,-0.211888500056279,0.513898601149441,0.610251695876975,0.343915259369245,0.107132195222313,0.235888750210019,-0.358000422777389
846,0.165276716005886,1.20060493217488,-0.439361300961452,1.83195316376458,0.861986291286614,0.359239913816776,0.0336169012212868,0.13069609574955
847,1.38929063106668,0.198357108523734,-0.156698741163417,-0.164301092211919,-1.17853433804075,-0.401725935780086,-0.68416019742439,-1.15949167623737
848,0.50012094103282,-0.465776366856527,0.0381489308676668,-0.37608396982656,-1.7769328534623,0.418692531074375,0.712209685977694,0.799464534415953
849,-0.468030950445078,-1.13862552811774,-0.199935788839441,-0.700669593063397,0.644442149277564,1.35276794499521,-0.0808242589946032,1.23028573611026
850,-1.02252271206037,-3.23626962206424,-3.60222543688351,-1.77411875342051,-0.155635721392788,-0.553642045501457,-0.50017645240885,1.14012369136054
851,-0.306155790056199,0.818294180067624,0.327853592126314,-0.37847247172996,0.00709062155635623,-1.1944301469903,-0.980051079734089,0.20219463591167
852,0.86284126596933,0.186075874670932,-0.0435748658032989,0.77691592742827,0.861616932332637,0.0721455412331436,-1.0578154700695,0.597025304719474
853,-1.85142571752653,0.776153490997284,0.924379229930241,-0.580322881235784,0.0844732809623696,0.277035159699059,-1.03996958539922,-0.0174947304140262
854,-1.80793151899933,-0.327461189476226,1.07517482017955,-1.01423423557404,-2.00196423646426,0.687335992271013,1.81942657216466,0.110448334208431
855,0.449783786663337,-1.22924789606527,0.853421414109978,0.260264329784805,0.450649408202796,-0.397894206712972,-0.831834322540399,-0.142269654823324
856,-0.778311203764452,0.228489071874397,0.970234189751993,-1.44102835997422,-0.115979780834799,-0.360086606999253,-0.530755396666033,0.852595938243055
857,0.535652543539134,0.914414945693067,0.386189955031271,0.0756261576086189,1.27796613379974,1.27493396269868,0.58942784179129,0.0544207935355456
858,-0.358392745922562,1.61934636280876,-1.29965164711227,-0.65766963872514,0.299787060321647,0.857303987729361,-1.25891307124336,-0.0946260190770702
859,0.294751139139468,-0.118849127591736,0.745290627426823,-1.18273029306599,-0.426488008471786,-0.906160844754126,0.241829498880686,0.372912080856104
860,-0.564901277393526,2.68536343036996,-0.64750651859218,0.724137735549704,0.11703127689494,1.29115960612417,-0.807774045380538,-0.231188667675636
861,-0.00565127512215341,1.80031236942071,-1.13847695632372,2.2615951219254,-0.172037704908496,-0.230459143620866,-1.36212696534729,-0.343794238687181
862,-1.70955859540449,1.85778608146162,0.445127737735033,-0.718531934366171,-0.354337362102527,1.16767329541562,-0.831029989750526,-0.41831817290502
863,0.213916558650761,0.753070775329918,-0.22999127312231,0.12018382682188,-0.646768190300806,-0.634648293074494,0.179950602379997,0.942034315360372
864,-0.849106494132306,-1.7674658022861,2.00351951473239,-1.55822306371467,-1.09823823129172,-0.126947372708068,0.639469190008851,-1.44736408858809
865,-0.403392644029205,1.80795830803084,-0.194558034705178,0.304325082363763,0.651529806772898,1.32925152972806,-1.32689967526408,0.429117346997089
866,-2.01068561012836,0.213840417448355,1.55760178867556,1.02679039324297,1.98024960014256,-0.536499034635695,1.09560471358719,-0.911455865240669
867,1.89559535399765,-0.536753548343551,0.448797709765309,-0.873375078562106,0.0372554935711094,-1.04704153582453,-1.06022667205423,-0.308633093568777
868,1.93295919506407,-0.708067150193003,0.320960836700196,0.164796369640317,0.302483531592538,0.212721205135829,1.23627082985168,0.0832686933452192
869,-1.97077914564748,-0.373518558301738,0.294207141199377,2.1412046063124,-1.0662612832735,-0.15694908152387,0.596615959873525,-0.587000659323717
870,-0.113707130607752,-0.663744409912114,0.578946027891277,0.983690053676598,1.25951124209219,0.482551703067776,-0.020588106062798,1.42868921319027
871,0.79432190471361,2.92939139576355,-1.30945746081957,0.587402484809674,-0.118190416387508,1.97495020794276,-0.652503286337077,0.50200594955458
872,1.90394721762144,-1.12974415765577,0.0131166127889836,-0.327170509156326,-1.33395962143473,-0.195139745072376,-0.55586575674729,0.0403837002962526
873,1.4224318874593,-0.297000660886145,0.289498913133037,-0.530601520920042,-0.131554384646783,0.519624852868433,-0.397132645900266,0.0560192873695624
874,-0.973626797266604,1.69341386851632,-0.064681707300648,0.69529345612969,-0.00783475088911262,-0.825671776142289,-0.435181048206682,-0.386869230951235
875,0.87099510993527,-0.850020645474376,-3.06047386429905,-0.0207806843563026,1.84558836913272,-0.0240226265171207,1.90478268301761,-0.866253057418339
876,0.462712514901646,1.01364975560017,-0.0483330408593358,-0.330460592663126,-0.243170513957032,1.04388555546719,0.147971673259863,0.367634818488092
877,0.132127147275676,-0.70671059456706,-0.00410056820454226,1.21251482168605,-1.30640042175313,0.623245154369876,0.740744427941576,-0.309835130894736
878,2.28425261209333,0.13601880020261,-0.558744503639126,0.0638225646990202,-1.16639657956346,-0.443687607248238,0.0723383001800153,-0.351834086685781
879,0.0684479705353746,0.563344633019473,0.744745660511535,-1.41249290580227,0.683161232445711,-0.472600158859085,-0.169675724562336,1.49018719644507
880,0.170750021282504,1.70701512710252,-0.254722661037053,-0.440597799834455,-0.349935311376711,-0.124185626297215,-1.06567257878885,0.0481395660390189
881,0.789667221120161,0.619936030218958,-0.393315699242764,0.491845676511583,-0.733490112739496,-0.197209397109392,-0.129974957062954,-1.40124217078276e-05
882,0.365113723969608,0.869203800651196,0.458407117450623,0.0133091632731996,1.04751760874004,0.887998083787581,0.334896731203243,-0.33607132381908
883,-3.27022133960724,0.61829769222678,-3.18376508442919,-2.09561908029542,1.71341894587926,-0.524817470018513,1.372231722391,-0.878250944441941
884,1.96401189908383,0.425982520274041,0.255368443043072,-0.43840460089558,0.496536789787095,0.270862383185407,1.08124246268147,-0.586145827033475
885,-0.835639879142322,-1.22957382355028,-0.127056548984179,0.0955752044141944,0.283168188362708,0.583928009951199,-0.0380039345591856,-0.587516566983217
886,0.840023393795931,-0.26256043592543,0.463586326647707,-0.0374431408646123,0.333891193112993,0.423006611286112,0.464180696729579,0.262101048749793
887,1.10336708736994,1.17505641353926,-0.40419792521168,-0.225888035738302,-0.906186795472849,-0.975531744698814,-1.09418113359356,-0.944771066595539
888,-0.384184258910405,0.56110472732508,-0.17617930476122,0.695637747562304,-1.13393081616112,-1.9154455724473,-0.307932185783846,-0.11053744720804
889,-0.138098700257021,-0.059746463443392,0.510176029879276,-0.746440795973939,-0.9049879156051,0.488044708862993,-0.187706392067492,0.191243644026105
890,-0.429044820999059,-0.473108096922012,-1.07518509255695,0.85482254037869,0.233478124136289,-1.28856878120753,0.05144595477359,0.997156173405062
891,0.612265273607651,-1.66650443506984,-0.301624190929289,0.520178870501286,1.57044404896912,-1.00511823730672,-1.16045705248865,-0.161280000870964
892,0.458295126814666,0.272259859930833,0.183302156766988,-0.882637662135858,-0.510836133386579,-0.472215018930227,-0.356835070138438,1.29321394077081
893,-0.930218634011533,1.24929275332264,0.407872192742195,-0.0330579654715553,-0.187037612920066,0.282782663285107,0.797313754945183,-0.433046940615968
894,-0.538464044168718,0.757986661542579,-0.22413864285888,0.756658264798473,-1.27966229874922,-1.96224091185294,-0.30490755783111,-0.390399862347115
895,-0.339115927639484,-0.115534171707997,0.464013317639966,-0.0351324877976825,-0.288335316641336,0.992837390027029,0.0900392546363061,0.631988822347249
896,0.701147507956698,-0.704910692521954,0.458781736407107,0.53434529614219,0.0895394913720571,-0.713052941968914,0.225274525672929,-0.141105268168222
897,0.435378261309478,-0.0685277394787817,0.314241644678216,-0.141154943962313,-0.216829520537097,-0.471534904052911,-0.0630030254923274,0.446617672153407
898,0.384412886127002,-0.352437821394553,0.724697458144068,-0.213173725105876,0.285463792638544,0.273917177267456,-0.0428464213430152,-0.197042597133779
899,0.133269156148077,0.476890392652714,-0.548828401664824,-1.3115426376478,0.500463886271173,-0.517711340309753,0.161186823847292,-0.082479193690745
900,-0.365694039671306,-0.208537685526809,0.287035050263668,1.32258453917051,0.743075290472163,0.556640728686128,-0.849613028718684,0.433273267359335
901,-0.523584969687834,2.23129665826767,-0.563143262228007,1.22739736256199,0.676623963846218,1.13194959672505,-0.246576290934998,0.480534794618709
902,-0.579702572529234,0.227960825454516,-0.388045183180693,-0.431669559262549,0.3257897847709,0.240894746579586,1.15258838528192,-0.942810243047002
903,0.673670015191444,-1.42725088329998,1.15405019514529,0.226871890620443,1.06531689430916,0.363836263055167,-0.013114133567778,-0.293692235706205
904,-0.533704306996854,0.761980466454213,0.210135794903561,1.25371462259473,0.723366309724675,-0.684605643048067,-0.150422887418779,-0.393878254151412
905,-0.702954235050977,-0.354936511409207,1.10467337152258,-0.771786557801837,-0.319159860101881,-1.32432935543095,-0.496514193664205,-0.426470621415576
906,0.343710087426631,0.473130984202206,0.0291804412777224,0.185269287940379,-0.208421649581437,0.243614833816757,-0.0914292602214049,0.265280003552454
907,-1.77791031920515,-0.640687449439399,-0.138966293833678,0.0117112446479814,0.265923808826337,0.845360463407992,-0.555068194668621,-0.319043596206393
908,-0.424074414811927,1.11727906122889,-0.00812167631590829,0.310975806146339,-0.742695538877017,0.00528642888770501,-0.334356621423126,-0.943810272376092
909,0.218357317815884,-0.689895746611589,-0.703072614453935,0.45933966034644,0.808684174142573,0.6902412098275,-0.256972568004182,-0.29597580896174
910,-1.47406473686383,1.49511162345786,0.941997378330796,-1.05974743207662,0.00341114973053464,0.715137199180755,1.10973587590255,-0.443785271383364
911,2.04096319503324,1.16352964003417,-1.22015134435364,0.558197146102656,-1.04502097753789,0.861590403073399,-0.260686171289353,0.441213233992004
912,-0.647065268445577,-1.2529590852947,0.356665282441817,1.32421494855278,-0.787754716693328,0.0919818588222546,0.26674181724338,0.728964312884405
913,0.384598010775312,1.41595386813745,-0.23060762795334,0.449209559366145,0.523042703721167,1.02102373686563,-0.806810787201906,-0.119218038918808
914,0.968390770767631,-0.64460778885467,0.470337156238254,-0.0909553653424302,-0.178590230403017,-0.460252253758523,-0.341972484678083,-0.293103900184418
915,-1.13107966416125,1.38531259485018,0.726995721635564,-0.675252456802159,0.565680879853081,-0.756399758063947,0.703736129878453,0.576819297269003
916,-0.423170388356423,-0.104412703870644,0.699069998956285,-0.859854385879784,-0.722966791019844,0.725891153755436,-0.440202399552039,0.122592115497158
917,-0.702085407845573,-0.306921697523561,-0.597808436389448,0.142439889960784,0.240125522816924,-0.516717736058927,-0.198058728771924,-0.325133515655737
918,1.00666695062714,0.365060140348167,0.168233571391971,0.762124661620516,1.22777331512136,0.334759182867946,0.854524160854498,0.390220537640178
919,0.802261026947495,-2.35110233437903,1.19237750808465,-0.586834060991763,-1.26277989567895,1.85426847092942,0.902458226376584,-0.834195402859108
920,-0.785409350171272,-1.72255597641325,1.19479431757116,1.67075317127218,0.710831421663408,0.427421635122792,-0.0722440980026895,-1.04198825858531
921,0.392536081923642,-0.903606813192612,0.539173863372951,-0.228117961171934,-0.117879035933891,0.555236423846027,0.0759056397218621,1.42959789407787
922,-0.650389514271857,-1.44976736233484,0.54928182278899,2.56749385049785,0.643169582866274,-0.0510842099259814,0.437840952036343,0.111068717551965
923,-2.06756962416101,0.270883248352674,0.532192868742407,2.53438219486944,1.33955161895695,0.675339716032281,-0.208507273599427,-0.218630684240085
924,0.686168816283718,-1.03066862771236,-1.84956537726508,-0.0157447594695534,1.19375186381615,-0.792432992393612,-0.31930847042097,-0.653985762280846
925,-0.117741722724573,0.940346170339469,0.160610223191662,-0.0142794668238414,-0.608139774103065,-0.856912917062937,1.58575787765602,-0.0247655995848735
926,-0.0817082233809294,1.19211944598415,-0.25346990948747,1.60884127481088,0.577410186554196,-0.531164501128536,0.614654731619216,-0.124956408034665
927,-1.49467736518033,1.67348651632759,-0.739642702170309,-1.20604715979862,-0.63114722917811,-0.70391606504219,1.97983875913763,-0.082229120781892
928,0.837598867926541,-0.886155963499421,0.707190463412923,-0.265389472484444,0.149162376770341,-0.175610469460444,-0.597493120115367,-0.0818930135742903
929,0.239387624520702,1.78348099598611,-1.23091410454374,1.72363803220643,-0.902185921171917,0.183690261792675,0.105237106667926,0.343328936307521
930,0.691804902334329,0.730894344276263,-1.12285719937929,-0.77689239929003,0.393340611373961,0.220862335908364,-0.455866837864068,-0.0711316190373895
931,0.034421025722591,-0.403944730717607,-0.368355827208394,-1.40972605362242,-0.0435038038302884,-0.502658215125459,0.043529275369935,0.18816832205341
932,-1.95093955169723,-0.0125197274801067,0.969082045517486,0.671702436999446,1.23012910407852,0.785945827992722,-1.29415086377664,0.889504594415501
933,-0.843949250672828,0.51413652752828,-0.718281345693584,-0.0549548187284111,0.952599845488905,-0.789603372231803,-0.0650367155550655,0.593035669000531
934,0.0722388915573722,0.381587641101255,0.426284209054076,0.0882633773413484,-0.200382696182587,0.18467820635706,0.221253335527858,-0.946989227178753
935,-0.103102181159034,-0.55499933188794,0.615007830172281,0.266123307568219,0.133309551952184,-0.74496568861195,-0.552370100930025,0.296600415532125
936,2.60157120889472,-0.444026925103577,0.289071922140779,-0.532912173986972,0.490672125107547,-0.0502059258724839,-0.022991203806993,-0.313868486227893
937,0.465545276909077,-0.397125202158696,-0.418254582402382,-1.10788949102649,0.297538654775429,0.477899006378813,0.282201158793863,-0.30930475901001
938,1.54617678754791,0.490771575896058,-0.707924224429036,1.00061176846335,-0.884158807634459,0.373040544426593,-0.73143698325662,-0.97515638272452
939,-0.668681650802983,1.63991159414214,-0.171257603999998,0.752648489632238,0.0892446906421628,-0.727729389430143,-0.183179803146753,-0.0173662004399111
940,-2.28892696122168,0.428491605117213,1.00568199246016,-0.575193954261406,-0.735662642915849,0.116833607807709,-0.605015538207723,-0.183837387055039
941,1.28969897791705,-0.0638832145205862,0.338072478007649,-0.144762074128493,0.0292169815694259,-1.47509690111056,0.0596319339656346,-0.593624633937748
942,-0.699570547914864,1.54211805568708,0.792225705369047,-1.16576988824125,0.074916945834774,-0.749235094899185,0.956693595773916,-0.629156421577206
943,0.904376901960759,-0.0148904810154786,-0.583839204944463,0.219586785767384,-2.02978761094761,1.11047086788686,0.0981806522190691,0.530949693930234
944,-1.56465899474515,0.173575675643717,0.190263531797221,-1.95599933574524,0.543561783647118,-0.0148765745777737,0.403109518616144,0.877764009218108
945,0.874704214181966,-0.302082815706944,-0.9386620536527,0.481616676586269,1.09827609624685,-0.144997052548022,-0.149929244063915,-0.349728170096728
946,0.344665969398565,-0.156100791791673,0.560061313388751,-0.101056612299282,-0.272737339594519,-0.397660485941723,-0.041856896493779,-0.798745601098533
947,0.606145748706156,-0.0651382119510726,-0.00813301994634365,0.482310855844945,-0.954253281910799,0.48598351903177,0.577136939337782,-0.440513907838583
948,0.655309785789437,-1.38436758553791,0.5115659586835,-0.286592146482624,-0.763729542978332,-0.617015933397562,-0.732777407213918,0.853403858300353
949,-0.297180738662213,-0.754240357173216,0.578723150480468,-0.44524335417548,-0.486578624998726,-0.101458646600553,-0.703774089984592,1.54546298895253
950,0.147250547232903,-2.15991887570323,0.941647482243326,-0.855278184423335,-2.21848984039103,0.111980779657006,-0.154933846019965,-0.185299740912807
951,-1.41016236983165,-0.979777714713608,-2.66305425919985,0.416164356330999,1.44876435987728,0.498297132010304,0.248265074144183,-1.39749355714224
952,-1.97333334601223,-1.06314117954832,1.16419048470958,-0.2037323172457,-1.10485016525188,-0.975967751268354,0.377497410939486,0.858300988346535
953,0.0355757246561056,-0.0980952733672281,-2.33193060073273,0.267988186571607,0.505707538533619,-1.0186201092686,-0.871893799419218,-0.930669222617259
954,1.07451024139241,0.706423888160372,-0.332052166114564,0.0441104609455883,0.0523610491086543,-1.00563838617542,-0.263087803820469,1.34626121345385
955,0.717017370709398,0.182100969025112,-0.432727581891527,1.14964176021002,-0.629318937291743,-0.575675580989991,-0.658382491766819,-0.114473783034775
956,0.900309133410337,0.406896042270383,-0.0769240198826543,1.5805881217705,1.15285569832363,-0.121019291376151,1.13072946687941,0.208273625153265
957,-1.14970339646538,-1.05843624214498,0.224461926554684,0.734889321281415,-1.69910585882044,0.641898222022381,0.121387084094285,1.41810205602667
958,-3.67389111157097,-0.0788419387505232,0.911077390157895,1.06076723637097,-1.2189384642607,1.18102506471728,0.534401876313001,0.0730002854887186
959,-0.680399196111522,-1.49351095484467,-2.50537493362,-0.335551108756352,1.56229456546739,-2.30971490139121,0.68304596771939,-0.11096476728503
960,-1.76989046287267,-0.746762928242304,-0.986390552372541,-0.665340743690972,1.27607173552902,0.0619870333541214,0.225259678060304,-0.178395173442805
961,-0.407921683917935,-0.891011370795169,0.256634886206763,-1.89569851016851,0.675948182972699,-0.0661856921001851,-0.175975528753917,0.643684137794398
962,0.159907776327316,0.0302045792030913,0.393722100632429,0.733589207448564,0.428632301840849,0.447272734727778,0.493444488750802,-0.247370720561837
963,0.928648160537809,-1.24317527381747,0.961905090337088,0.321556789002943,0.898590501123347,0.0443258198983497,0.785944213680149,-0.102306049284278
964,0.617948182131893,0.187536045388792,0.530507169349353,-0.677807010138956,-0.161754721382012,0.449405575114349,0.194519409034753,-0.41652837102382
965,0.820725305115603,-1.48199805165357,-1.11660026538448,0.204562791150705,-1.28489549289635,0.424494676158969,0.508120681353367,-0.0270852940724038
966,1.22496495746418,-0.999927523966238,-0.643251382165735,0.0704812750911908,1.1175253557503,-1.18400894147538,0.419504836947688,0.213217484692978
967,0.531854036723733,-0.0116143633392066,0.648171729133924,-1.38992140525419,0.25246451906153,-1.1762526389272,-1.27039000067345,1.1817506201292
968,-1.16979791298162,-0.0739975276095347,0.924906030961475,-0.93831747668965,-0.96667451892578,1.31613742133784,1.09244129579783,0.544548450311089
969,-0.787156233730195,-1.8689155301874,-0.282972762277716,-0.262691333021641,-1.3616521870341,1.13401490557302,0.479653038370052,-0.345299406936222
970,0.742316269990689,-0.00423564575762381,0.219634687117759,0.240430827393134,-0.0368132759189272,0.543890976310099,-0.367868853879043,-0.453452481942068
971,0.215909420868352,0.870865143425263,-0.218022333983417,0.444414564674779,-0.563831387213912,0.28283520057637,-0.376916471066647,-0.327538869246426
972,0.322353273357285,0.169535676223222,-0.294623052502322,-0.0796088282122072,-2.39614842581186,0.0404600679650253,0.973779577320449,0.0285288175276762
973,1.37941289576275,-0.497798127980158,0.588277830871815,-0.29420905181504,0.851223948519575,-0.386066408032422,-0.488414693071599,0.186195214116401
974,-1.11261174252323,0.35894736183525,0.117759969027015,0.180238614390463,-1.1259402606383,1.29430477291764,0.769982032803625,1.28290339773888
975,0.806653469576158,0.274618950998611,0.267546174556461,-0.232291517628328,0.254783526152432,-1.06892672153599,-0.208455709036607,0.324213782489473
976,0.644573819299801,1.93124178160959,-0.601154442514099,-0.318506958237748,-1.04720570633647,-1.4391358837209,0.27538313959084,0.0194307346849456
977,0.0943006221704254,-0.158950029562524,0.45867596951692,-0.265788932633152,-0.677726570656508,-1.24540666187511,-0.572065246668422,-0.334366562555845
978,1.6487868876981,-0.123396713661045,-0.362391920337274,1.71657321222441,0.540137860354193,-1.06251821633671,0.282511198252849,-0.0315114226336571
979,-0.113371157111223,1.5892585575388,-0.176448156827517,0.974735843468655,0.591313363235427,0.21795917321539,0.599029792087819,-0.112242208471276
980,0.485762334196985,3.32315526419854,-1.40537613701489,0.709443519282013,-0.409653381563711,1.88135952913149,-0.646454030431605,-0.0577188807235689
981,2.24993544278058,-0.550716784741488,0.502867627091335,-0.376817657369197,0.224189247219193,0.844668192104134,1.49126339885064,-0.80086643667531
982,-0.368936217500615,-1.32605894077415,0.424923524495682,-0.576507199215046,-3.03990324920199,-0.403199829416939,-0.710049040546331,-0.482972288092522
983,0.68692382795636,0.321510338080363,-0.435978717622718,1.13091306868668,-0.614024205892298,-0.657339579254364,-0.111820152003439,0.0082608748582055
984,0.180487281122944,-1.2751018987737,-1.76851117286333,0.0803537750293334,0.855507900655052,0.0939523172884203,-0.171325921348572,-0.510592785773609
985,1.94037424129545,-2.06127788655651,-1.54325135494661,0.483910561798808,-1.45201101214582,0.338531507284983,-0.377597705860484,0.391379234956944
986,-0.794822149345413,1.8051279695258,-0.250821656902795,1.0093749526079,0.758633314560425,1.1113195003764,-1.30319037672371,0.178518905981231
987,0.22708969372772,-0.594512001388109,0.889995680335294,0.53327095390054,0.712839489016457,0.563590784343726,0.253515488831213,-1.02264977890788
988,-1.37860029357445,0.478892179731898,1.0739724700279,-0.567580685662591,0.15330203389534,0.1249898134647,-0.225814365058214,-0.51174698696589
989,-1.27073286591368,-0.464795827252804,0.435453976185215,1.51645268855549,0.0758964199936801,-1.73958243104969,-1.03262998849581,0.280771658886398
990,1.27723117996957,-1.28051949446058,0.586896852375289,-0.770851139989592,-0.744944385820402,0.112873440282889,-0.225783593155027,0.338771758791147
991,-0.208895041710429,0.905231711208619,-0.18859212271826,-0.36672647445103,-1.38357862642564,0.37607836714792,0.310273108817498,0.776300902605319
992,0.396486479473176,1.00913456019749,-0.0137257484511729,-0.416468239354763,-0.591693391145722,0.286292186092766,0.437473036907078,0.0788882721831451
993,0.272590415194626,0.52953725425879,0.336677162424202,0.727163803374936,0.872588218071261,0.173743068302393,-0.193016041076003,-0.751382596414524
994,-1.36729034621972,-0.92045787140889,1.55561127760162,1.63826629550144,1.28383297576143,0.626146986229984,-0.43793767307126,-2.99615360662168
995,-0.814906380478716,0.461011470571552,1.3430322825477,-1.94843962125929,0.414104499695116,-1.64490505339394,0.195871454513713,0.808485089298014
996,2.03541744304395,0.62741089368219,-0.313221243715714,-0.216811323898732,-0.594547118420501,-0.982839364815392,-0.031049296145361,-0.789657877497005
997,-0.372800523367385,-1.82021962620278,0.0168214653088021,-0.0874863472943136,0.720362636127013,0.724314028168104,-0.0470778184173938,0.252070678434007
998,-0.984525204236837,0.219047846076925,0.103869778675848,0.684581130087468,-0.780604563560726,-0.0684891073571363,-0.158409296032566,0.655547620107252
999,-0.950311081438031,0.0382369242151474,1.8734160384024,-2.05282630644993,1.31357273111627,-0.193006650005654,-0.328499177996854,0.363930750943526
1000,1.01766048740782,1.32624969918986,-1.66602695667312,-0.16503928409822,0.916773112121744,2.21335236763444,-0.810799792403028,0.393675333500499
1001,-1.7209751365665,-0.942497573682119,1.2775447677203,0.285230740941069,-0.616924131102994,0.789261918315898,0.350838687667484,-0.875651234802952
1002,-0.676246472405522,0.0674318148128433,0.179147434929455,1.12039483578995,0.368675522209065,-0.454433443776007,-0.286696699366567,1.14312162168799
1003,-1.88864691168902,-1.31584688531907,-2.37467521094547,-1.75882462952839,-0.678726205705989,0.885793075804776,-0.0191111924948671,-0.853634321336152
1004,2.39275411649421,0.959926263025302,-0.57783206907143,0.0311601763436955,-0.0489330258294866,0.131172932512273,0.735568663571516,0.101956059427799
1005,0.184921530424683,0.880920316156953,0.36923927084585,0.0818379732677203,0.243573220047825,-0.0888514600683248,-0.465207194298947,-1.45100110303144
1006,-2.97107465370638,1.35543332590022,1.35103031949237,-0.859670651883887,0.251588800211842,0.362998328573045,-0.154251198185366,-0.435959259443375
1007,-1.42201382909578,1.479154741783,-0.0400817669934474,1.97584386938727,1.15604813596626,-0.237890951584054,0.409316846423511,0.506726081368483
1008,0.765950670875787,1.10018775659537,-0.427970842309885,0.166151495417927,-0.239101916067549,-1.09922906498669,-0.257038547914997,0.786536383175706
1009,-0.0660105272168783,0.862384272092286,0.508305872644612,-0.288527399322733,0.706475150134322,-0.0925591377166912,0.0962248477793151,0.16140175724434
1010,0.459825304993424,0.766501191181263,0.53021076056223,-0.99853923039974,0.466002558818365,-0.163620600563992,0.0699856837108282,0.391011111416896
1011,-0.790628492087179,0.55258799734637,0.495735142965725,0.397960745539563,-0.124631618085354,-0.841350209423022,1.09892066774644,-0.153793769362853
1012,1.26556270258614,0.479965231069957,-1.29815056463864,-0.729461287453226,0.223681885848376,-0.259182261777399,-0.208925323860375,0.256393237787329
1013,1.58088743491778,-0.262315936013223,-0.341999458523725,1.2496880795741,0.164212700477724,0.463603660466813,0.117777847562281,0.350375039212009
1014,0.22594765990365,0.96392341515562,0.0584914139681793,-0.478785233690182,-0.822141916205427,-0.100643692818334,0.182941926319031,-0.311603845171481
1015,-0.035740172153119,0.0886932964172167,0.437710309331759,-0.593154194114011,-0.192647429828275,1.92156744934747,-0.220146779598541,0.89147139452898
1016,-2.78670132569503,1.01914202262747,1.40224079332123,-0.901962477596711,0.382025551400498,0.491457666243053,-0.703838165901482,-0.278831502197281
1017,0.0993548903408687,-1.23041451800955,-0.625559132316877,0.975069540949945,0.843433038518168,-0.110029511822937,-0.49637350148545,-0.398330623897378
1018,-1.26618983412198,-0.112920244864884,-0.261130062105977,-0.0358370262059594,0.983280111975017,0.553240526571641,0.100572572138527,0.071779289377279
1019,-1.21263505932465,-0.409094120687716,0.86810426410219,0.296062038706957,-0.0199809542838847,0.539800220491471,-0.104766726097941,0.235203193107624
1020,-0.689410244059336,0.856754838870184,-0.0902444280035838,1.19613745423458,-0.373193137098807,-2.49292297438959,-0.682171578272304,-0.55219130641678
1021,-1.1591803446967,1.64251633200078,0.735713525043265,-0.369750410472605,0.663912414339421,0.0794197373225432,0.693431396195188,-0.570019229444815
1022,0.754719254362086,0.0682957909836401,-0.550858898422024,1.83229745519719,-0.264109773985393,-0.730533882488236,0.160865763644123,0.407027879492745
1023,0.798871603369998,0.106144876638666,-1.43614158510024,1.22252442202653,1.10985576130543,-0.837977941432053,1.19825461248921,0.959157506454261
1024,1.14468770157424,-0.0739148731287018,0.336369410006643,0.577766632812758,1.28878775523786,0.0414139827681167,0.593943794360979,0.559453250563701
1025,-1.29465953799698,1.42668290386874,-0.55327634610683,2.00631855818955,-0.24991584341518,1.41428156081853,1.15307869521172,0.958097690169151
1026,2.57826517183102,-0.139895942225496,-0.351321407729614,0.700529496682815,-0.0188967331783744,-0.252288989521709,-0.870371915141413,-1.2444629719274
1027,-0.205068258409633,0.55433314147993,0.859081967002075,-0.714726008607535,0.498208216917848,-1.35797275102621,0.963244651447105,0.197716624276628
1028,0.252769127688566,0.427379549403476,0.525157612193465,-0.335781185868429,0.703542817794548,-0.253093292245637,-0.455891985464919,0.297540427647131
1029,2.31192593547559,-1.42189061099231,0.344314847711432,0.154999966141312,0.268961736453873,0.215515047135631,-0.408970682919314,-0.0260619520379517
1030,-1.73794669045707,-1.38604987696787,-1.04277128509078,-0.589090052523574,0.404351438254206,-0.207601625759663,0.36312276502023,-0.118958544308778
1031,-0.708519635846347,1.99575970838919,0.267598546592235,-0.751016997430389,0.590535133766084,1.10195508296142,-0.472974945599566,0.499135500436069
1032,-0.675571429118898,-0.31965212401012,0.68938728709877,1.39192367572511,1.16217695278957,-1.57524377876463,-0.35936248306747,0.00694518833958192
1033,-0.264610814523355,0.32240579045118,0.162059346285279,0.68593596075416,-0.401188977925773,-0.783057612215835,-0.0332444710464864,-0.3637055991406
1034,0.594231631887518,0.667787771765204,0.495852026282232,-1.00350119123261,0.332633475289935,-0.452614092762947,0.0674558181827103,0.370022024573594
1035,0.025410088168077,1.60106910306436,-2.46148592396478,1.63870847474494,-0.449779405458261,1.00899742919118,-0.382069718065421,0.146480221827397
1036,-0.523432051749876,0.520413392543648,0.401867380404016,0.209498324874708,0.539026178048517,-1.02977800533172,-0.959861171571074,0.532310112017263
1037,1.56344387468921,-0.0966933404952052,-0.0264213306880985,-0.281380165851386,-0.753702289336118,-0.0191417647698616,-0.687679587801744,-0.578777759115923
1038,-0.113767954096897,0.668731126118729,-0.633735532337764,-0.415650980954841,0.105832615698936,-1.31706822631162,1.00559536105875,-1.68790622351899
1039,0.412461395804291,-0.409315338888397,0.445181132589445,0.600327774211231,0.0771770923123854,-0.470854789175595,0.230829019153783,-0.399978596463994
1040,-0.183932431267396,-0.741321662262622,0.772055005701733,0.73652464037315,-0.316974689906136,0.489404938617624,0.399957697224729,-1.5019488932087
1041,0.518819213021096,-0.451151240810612,0.69033872386407,-0.218135685938748,0.152094709110114,-0.0150763149314985,-0.0453762868711331,-0.218031683977081
1042,1.34598576764201,-0.260275002035012,0.403173142187667,-0.691396415538322,-0.185681964319495,0.0161563168342215,0.43843629508571,0.190858900939973
1043,-0.21786906590059,-0.219829081632398,0.816466799281079,0.336043211352851,0.471808804281789,-0.158489895919455,0.818961683711448,-0.291812337735925
1044,0.794545016203341,-0.873370779101317,-0.480469779499996,-1.08035602964554,0.000211024919677641,0.0632400185096516,-0.815983251789132,-0.596752248482577
1045,-1.58739401489682,-0.301511049750067,-0.034377664889614,-0.216529571280095,0.801483627972138,0.115157600354031,-0.408984411462186,-0.408353443349596
1046,0.362109529627135,-0.321723387309691,0.244483185553124,1.4300116331262,0.645177650219323,0.0850849392949518,0.763600538870246,0.130407197229399
1047,0.53507824733231,-0.209058161551242,0.570162223347057,-0.0947981743671596,0.236811751581718,0.325064224573966,0.21217945166965,-0.10740198176153
1048,1.14240077521708,-0.579820933572679,0.933308339914201,-0.704813493204456,1.19567822781878,2.51464158179589,-0.372905835543954,0.0560401957337349
1049,-0.324707122990836,0.62643648722169,0.403468685572383,0.0306830241298527,0.652807291705641,1.68423058691065,-0.336830433546216,0.560447237535792
1050,0.298209365959725,-0.650918271444693,0.582498959188815,-0.00862356153401685,-0.368170378636241,0.63346254985809,0.355102269685812,-0.00598717894089805
1051,-0.113374436406012,-0.313432257977374,0.423276244671826,1.31033960528824,0.317649683628343,-0.399793326328294,0.25706818322227,-0.62958795063655
1052,1.07294085041516,0.964153630659774,-0.251779277723421,-0.571266278873288,0.0509694943904398,-0.174850713567117,-0.825275083115246,1.23624075512426
1053,0.944955059208567,-0.406503899649174,0.456323033112847,-0.974504286610909,-0.542019154324658,-0.882736906405677,-0.346797928101597,0.565597324110412
1054,-2.12606060921747,0.141220998390626,-0.0342348736516359,-1.10763340757995,-0.447674394773546,-1.46378298112555,-0.91935268568444,-0.911350370885468
1055,-0.569893001321088,0.362840714699035,0.138626066976111,-1.91601816309935,1.03535154221279,-0.7131666909887,1.32683792842553,0.35074847837456
1056,0.476876414368692,-0.656893637565232,0.0430242164443257,1.36009172934157,0.306678397889719,-0.501390853397543,-0.607731245771227,0.718819950497449
1057,0.796801389032479,-0.948786581730905,-1.9076437912051,-0.548739888355648,0.59697273108116,-0.0892900947811173,1.15058546712237,0.0541264995571579
1058,-0.368297131599429,1.20485672839954,0.286495470127604,-0.238952600560506,0.868094922261057,0.446422087428768,-0.463399261973641,1.04614613115083
1059,2.03707761105979,0.394893109842796,-0.145582521357371,-0.219230137657472,0.430251243130236,0.816989158231543,-0.865572658877074,-0.000953898276981986
1060,0.8430668009369,0.176395678285625,0.25032876635882,-0.722867302634859,-0.239215985853021,0.0865376648042068,0.170843414508087,0.807845815384817
1061,1.12984220023099,-1.82166917217268,0.934221103532355,-0.713107005487938,-0.601889946403569,1.47199572753411,0.738389279361874,0.309753067572199
1062,-0.481606237531722,-0.217622834243712,0.256714154504695,0.716052017184006,-0.7270705420272,-0.138870455327122,0.109183584545057,0.0385607056624082
1063,-0.799473553644073,1.39836341949739,0.0655957031746706,0.578214382490224,0.416997297815521,-0.443087605132064,-0.438700438584036,0.193844686170217
1064,-2.50795807776438,-0.323927201946304,1.19203943269389,1.87143248410721,1.22858876785413,-0.692367991890255,0.148460784043032,-0.361597047952295
1065,0.102436460684999,0.634312041494905,0.524023063771025,-0.127507184995505,-0.189666699612468,-1.18658536894822,-0.433261569192516,-1.85037735155194
1066,0.137224927033809,-0.645208365847446,0.439879426092515,1.35405542626705,0.796609312005688,0.486259380716142,-0.58202014814106,-0.183713647085509
1067,-1.66131985517396,-1.19406967727059,0.44111341381274,0.547938338275157,-2.39045143399956,-0.518909414710919,-0.642206247669856,0.246625703962788
1068,0.83860052128655,1.53802281778922,-0.388558959661122,-0.491644588280512,-0.343273091515302,-0.720762881106089,0.271368986788868,0.900996153788774
1069,1.44568575366485,-0.400805424107473,0.659093720856509,-0.645039645943168,0.26795930779932,0.812755445461099,0.713618772247688,-0.363160752974964
1070,-1.84223502758996,1.09567279360474,1.42070390361072,-1.1513009916825,1.55187103371293,0.258059749359235,0.489291056810837,1.0743132866966
1071,-0.603514472635482,-1.07940825272272,0.900819990072982,0.862572265160376,-0.0275952097620136,2.46917244927867,0.257944120225294,-0.768957868414135
1072,2.22079345161913,0.0177030416162207,-0.101831712607413,0.150640537950738,0.405172348634856,-0.841129201468661,1.0731914076862,0.625514159811773
1073,-3.04001425563384,-1.77845481599024,-2.01820148659539,-0.0847626954307507,0.983959568566538,1.40747260973855,0.885111831989125,0.0336674790985668
1074,-1.8128669452337,0.140965248148679,0.960907080970995,1.37184869997815,1.20709910632476,-0.869279416733319,-1.39931308841362,-1.07169068518521
1075,-0.346909732410903,-0.85340612476072,0.617466533466541,1.77497289032132,0.7648681976489,-0.575281724175187,0.0197023528445017,-0.410102176746509
1076,0.250762700793253,0.735449579281646,0.219503239510216,0.960199613994378,1.42390248986054,1.64213446764561,-0.768994140417697,-0.453751918943704
1077,0.027533524449309,-0.505258707035336,0.0128682818649332,1.79406021421709,-0.330508949030556,0.514367629603062,0.0744738062777858,-0.48373153064183
1078,0.814348281015787,1.12033961523808,-0.262128745809892,-0.486555109280901,0.0233123639313225,0.149011437490575,-1.36628292939777,0.85463276893551
1079,-0.546249923923275,0.0717770819472859,0.909028572855022,-0.604860743418175,0.0113004388288732,-0.678916935278755,0.562134995228005,0.197385856047582
1080,0.617948182131893,0.187536045388792,0.530507169349353,-0.677807010138956,-0.161754721382012,0.449405575114349,0.194519409034753,-0.41652837102382
1081,0.269140847644838,-0.271686538711649,-0.757947743321723,-0.466628604801602,0.342475629491393,-0.184564931547355,0.828796802570945,0.787205644275749
1082,0.121250010702694,0.773241533238442,-0.0190274549481027,0.337259412701057,0.127738828547581,1.2434063559845,-0.375376130387766,0.29515322156163
1083,0.674520843584964,0.2489789013391,0.334514867917065,-0.460953559117379,-0.386727707825831,0.617085279543971,-0.640554769526605,-0.852219486576607
1084,-1.64129444195555,-0.907294179955053,-1.70592222221164,0.975203665924768,1.66110394936833,-0.0373916262008233,-0.0825641702517426,1.14894857838635
1085,0.626360528951432,1.79689251257164,-0.515833792533414,-0.264867215593191,-0.301507910902262,0.0249038077214416,-0.558645460716254,0.507283211922591
1086,-1.3662174497126,-2.76589951830433,-1.46618235534804,1.91058257519539,0.531942156258564,-0.0682831931231542,0.759646659948079,-0.153783172721234
1087,0.840023393795931,-0.26256043592543,0.463586326647707,-0.0374431408646123,0.333891193112993,0.423006611286112,0.464180696729579,0.262101048749793
1088,2.17705692454266,-0.946730228421171,0.71361324664778,-0.280170379142597,1.29623270910035,-0.104380535950045,0.577247009904715,0.362297490058238
1089,2.13312456684919,0.369086103514384,-0.0692696041857654,-0.494685292156478,-0.22384264938858,-1.10372372983938,0.801000254463261,-0.0741043468051429
1090,1.8702392508154,-0.650073194539711,-0.192629095836878,-0.166503132704785,-1.51304841368022,-0.272452035435874,0.248747083981491,-0.0271034415775919
1091,-1.28071132441569,0.086268263579923,0.962343424959782,0.152532392371267,0.487921734402799,0.133459508495202,-0.499690789174032,-0.235714640224331
1092,-1.30328148806414,-1.53030384884511,-0.154428104578307,0.518813680684992,0.41011451379288,-0.0991660243236174,-0.548022376570814,0.206977947665064
1093,0.828930286096393,0.180318159075532,-2.91932961002075,0.189894087283773,-0.0371686551110371,0.388227805703271,0.524484188223401,0.191387686906155
1094,0.422218796154278,-0.0741092299871234,0.701053860599328,0.234982716021092,0.676683683914458,-1.33386869780044,0.668449269110932,-0.456194401086464
1095,-1.34996345615361,-0.343946614198447,-0.00543236084794405,-1.41841366446288,-0.309168482997078,0.76582930553019,-0.30743093462129,-0.365466588775395
1096,1.39567193007396,-0.255705048720788,0.468101330354803,-0.170871540243451,0.935940990991179,-0.0459258685269568,-0.230858954530816,0.296824916331953
1097,0.699007100067407,0.332036758249313,0.123302491614693,-0.587059537472047,-0.679342765957099,-0.214382507941644,-0.372199534877939,0.104397240370385
1098,-2.41393075193306,-0.152069896877473,-1.45370286274626,1.88818607003147,-1.45030805999892,2.19469457018532,-0.905595267204824,-0.152015584537171
1099,0.894542812519542,-0.186668679016267,-2.34278314192674,-0.625800906083127,0.245646977346356,1.33533352792752,-0.277632090990965,-0.693911829769476
1100,-1.2192270273472,-1.54142531668246,-0.389484785894626,1.34353557876709,0.844745988171388,0.167780211947975,-0.0177807223824683,0.716374654515154
1101,-0.000977669266811901,-0.0719342263864085,0.627324272075906,0.540426408783204,0.771679640413652,0.650250520761483,0.784486193076898,0.0865748239412715
1102,2.45474893956957,-0.969489796521861,0.395944227627252,-0.269534987228736,-0.234164596624106,0.464877863093711,-0.150458723542997,-1.49091099917993
1103,0.199122912823944,-0.402223534608409,0.191549617242237,-0.286185519692353,-2.62149032981249,-0.565946592934716,0.479814229237431,-1.43809386015537
1104,1.02539837516729,1.82532704209046,-0.580952622597486,-0.305990082373504,-0.0281075239839934,0.00631353731047566,0.783455835917698,1.40211797335895
1105,-0.39207744433434,-2.41992943723529,1.46222459346627,-0.0957782449745625,-0.142642486159674,0.203053478152847,0.325101323366714,0.740555995501587
1106,-0.346174886199476,-0.0765138899819775,-1.11484014655465,0.271813704606894,-0.165088348827442,-1.16422743066715,0.0337859121386931,0.688029784142772
1107,1.72678049652566,0.347375390573616,-1.34479818410144,-0.408896033333949,0.549429613054648,0.803038957991247,-0.516815780199826,-0.363814501169072
1108,0.29459494190672,-0.310656677383883,0.380004386294144,0.170772506440869,-0.562553902281169,0.637814257758965,0.613152770651213,-0.196208978707723
1109,1.63485372514794,-0.690169481652739,0.0611930614072659,0.240608152684241,-0.209404333784285,-0.0966877759046088,-0.673044173119583,0.0102110452854414
1110,0.803610062435188,-0.164337163212444,0.480803734845347,0.453132644141919,0.827890705118446,-0.732457775054083,0.0848815731848852,-0.221530984145551
1111,0.689358032590623,-0.405940095768741,0.618121561444718,-0.155818691603329,0.38254323416982,0.371859563979602,0.209154823716914,0.172460433377544
1112,0.92739882104436,-1.97956444223882,0.635637506483559,-0.120396382907998,-0.936065311675185,0.215266416762256,0.481361607259412,0.87204760876705
1113,-1.19715768705901,-1.2375144051264,0.17551164914746,-0.17863328010993,0.411061733275252,0.318305918809431,0.545068998942243,-0.521328481941753
1114,1.09861924249009,1.48394439501244,-0.125788606765166,-0.457758072276582,0.635212003179195,0.716896959772104,1.34715015187765,1.16105477710382
1115,1.12220787198711,-0.465042759917085,0.853236158992265,-0.592108188695381,0.861043141303134,-1.02234598963752,0.638690714665091,0.354128870207544
1116,-2.34578046136006,0.609196586337821,1.18103327395073,-0.234192665108159,0.347127464121558,-0.530381111852055,0.107820492925106,0.179702899800332
1117,-0.968732133259244,-1.06510292702479,0.91835734431453,0.703390097361858,-0.0756493115781565,-0.954990142679986,0.740872660938579,0.616201935410417
1118,-1.48980388323525,1.1762278420223,0.71629875078436,-0.540613650571858,-0.01740953598061,-0.910270322728824,-1.73099508385764,-0.864336281935695
1119,-0.815728281456673,0.361365825672334,0.841976282545833,0.755271912457414,1.96766211910334,0.392927592228522,0.430670996384177,0.875715838819559
1120,1.04104062117839,-0.206772727660824,0.509749038887018,-0.748751449040869,-0.282761405850771,-0.0817860698779244,0.186435050025781,-0.178644129571351
1121,-1.35538889707069,-0.255778514217151,-0.575476557479571,-0.565261288049293,-0.622573578253363,-0.0179484201653107,-0.598439334933684,0.274363612114275
1122,0.754574987985174,3.12572842536643,-1.47409360557489,0.699519597616269,-0.676391548620571,1.30337254473358,-0.65151376148784,-0.0996970544101738
1123,1.26944065449294,-0.115700631997132,0.14062566670252,0.703650476309826,0.581922808076918,-0.837493174375643,0.0458411139187179,-0.185973498137336
1124,-0.37743997185854,-1.71978039581976,1.15152245919348,0.531186072424812,-0.169372164246103,1.46502921921005,0.283840489426254,-0.608609286656485
1125,2.84232567424075,0.766469714981244,-0.797833636697246,0.158340496940013,-0.379617965342618,-0.314003006314751,0.438972465764566,0.0268838432204617
1126,-3.40856655786012,0.712849406090115,1.80680317532242,0.767195849235498,1.91457782013174,-0.424156015197558,0.0715133354051621,-1.10212654034742
1127,-1.4510733316745,-0.593224488081766,0.96071388833509,-0.233140088278776,-0.626354639220058,1.67898621838389,-0.524031187376556,0.226597537598664
1128,0.462605209232268,-1.28117482936491,0.456903641654251,0.239642423016655,-0.542844921533681,1.87906062949316,-0.0860373706486916,0.630942542803024
1129,2.02628323046415,-0.687339143147702,0.117456683604882,-0.464441717559894,-0.316507841571813,0.121244253447044,-0.696753471659952,0.2608094863013
1130,-1.00687752597794,-2.30955464880629,-4.03448249943087,0.583931784147387,1.53466039642617,-1.08152400751283,-0.223726301911592,-0.243322789862769
1131,0.813155103537384,0.181505921356708,-0.108503053970435,0.256391052133399,-0.260006022978037,0.134227726594322,-0.388520220452973,0.491059289327494
1132,0.506510576259416,1.21949705332012,0.257615612556959,-0.529823475693165,-0.40643668857332,-0.624161092190224,0.0586353717732997,-1.67937100808735
1133,0.949091608610237,0.577033833191079,0.20404681554481,0.135527523036646,0.583463585698478,0.153828652761602,0.0357706678681749,-0.432132626869719
1134,-0.66739275928758,0.568205761320588,0.651062810199666,-1.21053569642891,-0.722832954124688,-0.980517222901922,-0.274739998804131,0.34053354965055
1135,0.452156141674569,-0.405326148834523,0.33901875519784,1.6072142070513,0.52532305870563,0.291770402977024,0.49321020111808,-1.14805011854327
1136,-2.42526133675727,1.55351549963666,1.54974099877341,-1.86024029322439,0.31622750298198,-0.825201876239318,-0.288937689635465,-0.686151869768646
1137,-0.401437360788225,-0.997380832272435,1.09622629618464,0.763346631505979,1.18283315301943,0.083474536102615,0.0345387511456819,0.105790280243512
1138,-0.0298780345414463,1.00630883655022,0.470447444505258,-0.221248444154441,1.07029275872246,0.583370233393363,0.35328582389548,0.572882961442268
1139,-0.965495991794831,1.9866934589381,0.282399372507477,-0.487767328838891,-0.367517959883763,1.03625804552991,1.03973931637919,-0.610554540819405
1140,0.175595793726495,1.05151536673433,-0.142206533068141,0.350898625224791,-0.254141358298489,0.455296035652213,0.715713446035494,0.218781948521912
1141,0.419109548233392,1.04042514268494,-0.863286270637423,1.25018563637594,-1.11338518672817,-1.24225750604579,0.420140077091482,0.5157824737426
1142,1.65996110031084,0.60883899097179,-0.228568400818037,-0.151911734514414,-0.392652527606472,0.462942658853583,1.46409428061722,0.290548034133197
1143,1.50997944166263,-1.25491754451788,-0.821209887835644,-0.0184441219625309,-0.0222940147134627,0.472300671320918,2.27148823835573,0.224419966305816
1144,-0.907356216407137,-0.0678431694455175,0.485554964709486,-2.22004821974507,0.768838015738309,-1.49139015671177,0.559725206284037,-0.240013956567867
1145,-1.13430922315435,1.87556012118898,0.639629887668364,-1.28821038286229,-0.460509036415871,-1.72544060850258,0.976072213315389,-0.321905140280611
1146,0.661577403538983,-1.14285526953889,0.220298892607747,0.323106922634161,-1.35248948942416,0.547831983621699,0.456454762907688,0.109996023044646
1147,-1.2938397864261,-0.739367251280803,-1.40563555716184,-0.340035663596423,0.73570854097152,-0.297173199307654,-0.359848358544625,-0.566423847309948
1148,1.25550749194278,-0.682473399988826,0.56421064844706,-0.772314583230348,-0.16761938606156,0.128337266056458,-0.909714257453714,-0.144251030218238
1149,-0.796664162714784,2.17194487934936,-0.0628796946630741,0.0138067200750343,-0.23008027846585,-0.817863082725018,0.637258960732445,-0.170663889288489
1150,-2.34261569206132,-1.28849350193036,1.22285489397023,0.211634994273214,-1.49352640885451,0.538907559865588,-0.0339169789628787,-0.28886830659633
1151,0.665018294576055,1.05385555853629,-0.103084236952883,0.131462579154316,-0.000614437608993735,-0.771229813535284,0.310175158422313,-0.0352407302008758
1152,-1.19957565433883,1.94427169833195,-0.780333017086012,-1.07778713536893,0.773660276146768,0.955193837150243,0.167318399828396,0.169368940064711
1153,-2.20084656101891,-0.0545711265976349,0.247078077761337,-1.27084711595697,0.522996387104479,-0.167422994112826,-0.918307107430176,0.0121932219049645
1154,1.30985327496658,-0.404199566492942,0.441031570327022,-0.758675370706613,-0.54949957290763,-0.659773054275833,0.181375318969545,-0.220622303257955
1155,-0.289429765207539,-0.110964218393773,0.528941505807102,0.485392387497188,0.833287638669338,0.930755204665851,-0.57925599498022,0.737954837739228
1156,0.359969121737845,0.715224063461576,-0.09099605923929,0.308606799511967,-0.123704607109833,0.583755373322221,0.166126478319378,0.375909705768006
1157,0.126118127021001,0.630980685341263,-1.40388595103799,0.27973579845377,0.0496013424872907,1.07327370911614,-0.320685583989351,-0.121790510694494
1158,0.124846443653237,-0.618647395551095,-0.232778910832719,0.686802665849362,-1.61112303117273,1.99382861479784,1.10142728801584,1.44014926209585
1159,-0.241469184346113,-0.241615692821602,-1.89044327083335,-0.79398693444262,0.302034726154661,2.53408373086569,0.458483122639098,-0.442352594534171
1160,2.61325993718099,0.767559524210482,-0.564480023381933,0.0561473057991628,0.445321333947305,0.935561641292336,0.443042671971566,0.67056502087182
1161,-0.646360295491233,-0.0190178106961555,-0.573989812092858,0.711515028900601,1.74086081811518,0.0154654514255757,-0.0637306625089057,0.315048361827152
1162,-0.697068203066541,1.639280687828,0.0985531650200096,0.294662743530387,0.197550265683401,1.43166361947151,1.02039400285142,0.0559699232767795
1163,-0.536039518299328,1.38158218911657,-0.467742779624096,0.984604596418305,-1.09493348240657,-1.36362383110638,0.756766259013836,-0.0464058000230312
1164,-1.67700459327835,-0.312689649285649,0.377317646013966,0.595025158679347,-1.43401409425313,0.0908197839083308,-0.522513596088999,0.297818777044312
1165,-0.820867511422178,-0.3487553583747,0.934073442834421,-0.764503584752434,-0.0271033367864907,-0.656888792615478,-1.60572527113328,0.615401509737007
1166,-0.439377591032937,0.509291924706295,0.166810699087697,1.03422022295681,0.973657652427025,-0.76283176906013,-0.429619517382729,1.04170681886735
1167,-0.806140724379461,1.59459093327717,-0.298111402731243,-0.17870296190965,-1.68740399066151,0.524685841129969,0.321876858203824,-0.042297255968602
1168,1.07574696204966,-0.164955725004423,0.219469725938178,-0.800070179468895,-0.869771761498016,-1.16737869070376,-0.0912772926643142,0.354386437500284
1169,3.20802892312248,-0.345069005775311,-0.482155128750656,0.759181007284612,0.454362716000708,0.279384615507172,-0.366864187446173,-0.204605408922375
1170,0.055050625647155,0.487060735741094,-0.825590707744586,-0.297373231758334,1.24066637597981,0.912354414658334,-0.685643071657483,0.211321415382559
1171,-0.400914186914162,0.627375660618242,-2.0486728454442,-1.46781609415992,0.00497477008922181,-1.29339201031819,-0.308776486448081,-0.293917215699953
1172,-0.241122932106132,-0.116024318411071,0.446871991557608,0.450481336375977,0.0722951118356865,-0.45162048851212,-0.291789734436506,0.127367702608602
1173,0.56088735578852,0.878860482912929,-0.421055051539757,1.15314027780214,0.0813751459955287,-0.271218263017468,-1.33978329053739,-0.576507485200858
1174,1.75846895074118,0.0315756614568788,-0.309850869409823,-0.345169149870635,-0.81586882240768,-0.463673673344377,-0.164793242565031,0.768331085185695
1175,-1.41316011597784,1.97992868829074,0.431833608276764,-0.355086662831589,0.064539659632504,-0.763974730709969,0.421273546985947,-0.295861990668952
1176,0.0481341969583098,-1.19083738031649,0.876224728558828,0.890526952102297,0.8521482135063,-0.361701402724409,-0.262057446661269,0.0307180640361756
1177,0.859504401306847,-1.61850118395535,0.374295982743088,0.734061017047916,-0.464247391512963,-0.0617202351795244,-1.01948843054112,-0.0383914085152089
1178,0.520696093056593,-1.2326944225756,-0.210463689790006,-0.709238684062449,0.757119567855657,0.060212455738601,0.0392808349352409,0.169054343175803
1179,0.466760356354461,-0.223519013862519,0.21657887207655,1.05080522755473,0.62708442337526,-1.70019359362698,-0.169616233389459,0.361752643892602
1180,-1.57054665284205,-0.825379246927198,-0.954442670727845,-1.75752653782591,0.632016853877482,1.84090959836804,-0.506720682981277,0.0514926563866646
1181,-0.60078723106547,1.27884833585867,0.0900839197404731,-0.101808910323676,-0.382573229520059,-0.450742737488363,1.31767023465378,0.893072816842348
1182,0.20552118343928,0.213094667475496,-1.32252527227684,0.673297126418198,0.142596800120894,-0.214187160120739,1.07404600833867,0.402931976344582
1183,-2.60743660336162,-0.248860274308911,-1.7619519735104,-2.11387434761618,1.77039703586056,-0.594089133943665,-0.333254830259266,-0.311764529273215
1184,-0.742801898859214,1.35195756426095,0.24582510628216,-0.760773952954626,-0.629708040697424,0.0747730544732106,-0.0456104949924255,0.269825583265149
1185,1.29477876657273,-1.0540083205297,0.365806443525419,0.525717851575696,0.198981331963004,-0.857308708050087,0.471721277252004,0.487271090638874
1186,0.0735699359426035,1.51672547753911,-0.701535592964511,1.65716940359822,-0.0429574787504299,-1.64727407291223,1.13853060170517,0.6204494323022
1187,-1.18230783294391,-0.0281485283401348,-2.33596069721633,0.792159640007425,0.194562612412926,-1.10711616806014,0.408781954884427,0.0955598270781262
1188,-1.17886329843692,0.273092783994655,-0.95960180591639,0.664609515577734,-0.123067879045896,1.05430036053491,0.723085798347441,-0.150702934484223
1189,1.78190794159504,1.69616258776756,-0.895561147783759,0.202776009578261,-0.178776218878955,0.576563478846461,0.181993809724032,0.426975603056139
1190,0.847200071043781,-0.742757404390296,0.597776950290127,0.722768268832278,0.61260307456303,0.505350724427801,0.21145040161231,-0.707229877760588
1191,-2.9333853888899,-0.366140633727393,1.45815331116109,-1.46314876922214,-2.13999065988701,0.217340319410367,0.532224961960994,0.0680212851819023
1192,-0.576839943904204,-1.43871955167484,0.639681301855796,0.438472533234504,-1.07665470848373,-0.128169038043703,-0.266524464897701,0.499430021173389
1193,-1.89088748907104,-0.0645618311364345,1.43658818397079,-0.725665467065233,0.303836891895146,1.26114824858607,0.210185260387544,0.24545394918353
1194,0.96511869579951,-1.04174228555156,0.933752218732349,0.0333199909559778,1.3623892349964,-0.694365851450199,-0.434244056698653,0.438775030527174
1195,0.97257621173267,-1.76408709118735,1.08858386231648,0.235676660478045,0.783283995852853,-0.132486723078368,-0.564736204387394,-0.458405067285791
1196,1.98253702462281,-0.300726451761998,-0.364802772972576,0.619425457256608,-0.23728610482578,0.42741085647825,-0.45199902831685,0.17738732035251
1197,1.13988875160388,0.674062395709496,0.329276464430587,-0.650568033066254,0.261206284250691,-0.0968391950622184,0.304092598503139,-0.449291645315506
1198,-2.08766306720018,-1.18575727488577,-0.0812592781895409,0.876698440534621,-0.308857543259225,0.736986073700469,0.42874377018165,-1.24234190609256
1199,0.166565607521289,0.128899099353336,0.382959113238212,-0.131231022296569,0.0499086465197629,0.106452080344997,-0.0579432944360916,0.488595845840012
1200,3.60492308215426,-1.1823778410014,-0.283028802107798,-0.0677429312903547,-0.314782834017265,0.141712279579791,0.0358014397713621,0.418386118887317
1201,0.515547138052975,-0.848285737507505,1.15375378635816,-0.0938603296403402,1.69307417450954,-0.249189912623174,-0.137647858891703,0.513847246734511
1202,0.436985231263344,2.59687602642043,-1.04484663546386,0.339430984567247,-0.663804508978522,0.860937910615096,-1.41912124605395,-0.389607987370223
1203,2.17694859166946,-0.543959483304391,-0.0370785511921281,-0.346066166821177,-0.365159882628639,0.172391300753555,-0.441727598647287,0.350450101673549
1204,2.61540571733654,-0.825529373418199,0.412499558388982,-0.637520994035215,0.390660351236498,-0.308682467113575,-0.827109282111156,-0.547232846336425
1205,-0.137809549234121,2.10077899553752,-0.350641337232374,-0.318556765362116,-0.641398276552914,-0.217776305108485,-1.05962332288338,-0.51158526423913
1206,2.6684064468299,0.726894818359261,-1.01289320962371,0.154403071224422,-0.730479616731895,-0.658280646213927,-0.926804825396053,0.356423268192739
1207,-0.417308250744751,0.813202836262355,0.731807134129783,-0.487948635920214,0.539973397530889,-0.612306062198675,0.133230203941983,-0.195996317589554
1208,-1.88096120142719,-0.415299702312408,0.6389002130493,1.75725837476565,-0.218243588353792,-0.520846162015379,-0.0593832321207027,-0.587834277749773
1209,1.7651829439502,-0.0721743438529029,0.159279418888947,-0.0250900462905264,0.356744948160407,-0.990218635487318,0.566164289613611,0.166370513928201
1210,2.03830465295217,0.874559458101097,-0.89176504513728,0.451267313837882,-1.3037201911959,0.224666791215794,0.0469366934036741,-0.813034170425808
1211,-0.398005809292568,1.49425202973278,0.398373073323884,-1.05003528611887,0.0515832610364784,-0.608634469175116,0.0974486602612733,0.460378151261021
1212,1.0346168061961,-0.640092593451992,0.435729863830092,-0.00494771865079356,0.169932646785672,0.297341115615905,-0.631473848325298,-0.00435735387947082
1213,1.78946948390279,1.36595155158068,-0.646241785213868,0.170633425240129,-0.731870730052942,-0.314484966351359,-0.0564509029217024,-1.25085796123703
1214,1.09056955917377,2.30358500594311,-1.04653749443202,0.489277422402501,-0.658922528501823,0.841703609951622,-0.896502492463665,-0.916954286442818
1215,1.55982945063621,0.243568253565605,-0.228915903582769,-0.1019840978765,-0.948085812981046,-0.0147900568689863,-0.429629086836343,-0.768999558882749
1216,-3.26090211170249,1.56799269348871,0.83861960712857,1.96667010800764,1.73724950016128,-0.558169612839992,1.09720462495038,-0.0286616617614156
1217,-0.0503257891124885,-0.0189957558926536,0.572101640443386,-0.335614219726923,-0.2499621896121,-0.702288336335941,-0.023467803801542,0.110208684162816
1218,0.484350167656303,1.07509722640824,0.296111472862423,-0.623437216685363,1.0867391416798,1.72657533654907,-0.794999016853462,0.676536833210287
1219,0.46461994846517,0.813428436908748,-0.118900372715864,-0.0705996060595063,-0.141797833953897,-1.20152315959971,-0.767090293940327,0.607255152431208
1220,0.711423042498465,0.956213049083655,0.0507889204082176,-0.845474763397412,0.178863039302983,-0.440472804708886,-0.242202149613817,1.30242884016573
1221,0.496222398999716,-1.78605775114097,0.414737739530626,0.696770600142731,-1.38716293612072,-0.674243275798575,0.506060430649017,0.0197461637864375
1222,-0.790048823614097,1.11991965773327,0.953263211628439,-1.24668805593327,0.0929795240927092,-0.637054145676949,-0.391456956765509,-0.964266352735416
1223,0.735153285056109,-0.357349133480506,-1.45370649606261,0.781876273657909,0.0604229639254031,-0.160246270814427,-0.316169631419662,0.38324194633366
1224,1.07936138610266,-0.505217319065233,0.421964298832849,-0.979466247443781,-0.675388237853088,-1.17173039860463,-0.349327793629715,0.544608237267109
1225,-2.21829877280852,-1.23549789973838,0.520880270117807,-0.651238466114254,0.154960957723516,-0.522347244514544,-0.198100137026161,-0.462009959918603
1226,-1.21450328008968,-0.960843875746126,0.511490103772332,0.767479360186095,-1.09680077177375,1.64582684458384,0.94566176654776,1.00780614684801
1227,-1.60011644413396,-0.357432827637176,0.73836181210589,-1.75174945097837,0.973245605639489,-1.81161628067645,0.0733827587990757,-0.669893628328223
1228,1.50947758445905,0.33116020514431,-0.42961385061909,0.727699761038474,-0.380085255074108,0.541149671601561,0.10314243288012,-0.238613765189356
1229,0.239423953658505,0.150769432468344,-0.774380233915734,-0.339665057471158,1.37110312716846,1.04081375232834,-1.2352300393736,0.368449172628653
1230,0.610053630280674,0.960221138403343,-0.010251735309173,1.03119386002066,1.13910174454574,0.951966534025468,0.574096681065492,-0.160620161472098
1231,-0.398162006525315,1.30244447994063,0.0330868321912047,0.303467513387988,-0.0844826327729048,0.935340633337975,0.468771932031801,-0.108742908302806
1232,1.5116701632065,-0.90611346528371,0.176663916320246,0.730101049006049,0.498852168094868,-0.0485682913691489,0.437245786617455,0.86565825231607
1233,0.586999504486721,-0.55437985562935,0.690587281992235,-0.309105293463257,-0.329797251607005,-1.06166317650488,0.241595211247964,-0.527767317125331
1234,1.59911368332581,0.423678187117809,0.270659905828897,-0.654233516799876,0.504017208370067,0.0478985310555628,0.553069215610332,0.200073800334892
1235,-1.16976622956589,0.144319350931444,-0.197998499797191,-0.165599941851176,1.34251898573383,-0.0604296793592087,-0.843443696229062,-0.542862288690959
1236,-1.52072866650766,1.51091360010837,-0.162478478248825,0.522631617476494,-0.931682128971054,1.67285111650851,-0.74044368862283,-0.174546250258138
1237,-1.17398059794649,-0.312785486475738,0.504346121354667,-2.50811805165053,0.279131742204716,-2.67927687215063,-0.228038882431389,0.11373537975927
1238,-0.973626797266604,1.69341386851632,-0.064681707300648,0.69529345612969,-0.00783475088911262,-0.825671776142289,-0.435181048206682,-0.386869230951235
1239,1.77491310970071,2.04206043024825,-1.38533245602424,0.440551646172976,-0.493572868853454,0.623573425759261,-0.671201869883138,0.956785345616217
1240,1.62829992032856,-0.396730232354082,0.16644376778724,0.870929128569175,0.195330049506365,-1.20879469509148,-0.229608954889684,-1.50640898759661
1241,-0.600043708341327,0.660253535532666,-0.224214724974163,-0.219531344381718,-2.1342922392317,0.637681353026408,0.456220554786396,0.597853290286876
1242,-1.49037059364867,1.16054103572849,0.956750696454953,-0.746246702828441,0.850481625167876,-0.0662318244438026,-0.639354691604736,0.283687539797397
1243,-1.04785107169742,1.01332606918623,0.257913283995753,-0.583629732596975,-0.752798210198264,1.42975824133072,-0.18965917509536,0.680976019234031
1244,-0.404211885051389,-2.18568856406584,0.511841242608033,-0.158916936735396,1.44622199502007,-1.39564379873575,0.983685811091728,0.508202087585383
1245,2.11618833984426,-1.75161883697078,-1.81274816689494,-0.532194331732493,1.43712088135424,0.00332395114004903,-0.662017212262498,-0.505848403629844
1246,0.679497292776475,-0.29605269167486,-0.299651830332911,-0.452581385686086,1.19652739784287,0.170180795972005,0.433110385423812,-1.25731583044804
1247,0.356218567283777,-0.481332721633277,-1.6767307153,-1.57202545405946,0.731851943645021,-0.482072359144612,-1.13832243819919,-0.274808026826931
1248,-0.184644950846752,-0.942780886289006,-1.66843754762636,-0.0144586415199047,0.789017921922668,-0.167318065952473,0.669797513118258,-0.634626500498971
1249,2.10050247185217,-0.507233824453258,0.076595677862502,-0.506861061439456,-0.419287462301352,-0.331077235280657,0.393841342338689,0.48528971524396
1250,-1.47569390837437,1.10871900339418,0.218867069995776,0.611995922653691,-0.151695190405284,0.0563618256388674,-0.545249000099685,-0.0532544546771723
1251,0.513055729517754,-0.420491564637296,0.110588970697828,0.990532443690099,-0.261291511431091,0.615767001831604,1.14086455931144,0.292198641299064
1252,1.18647534487981,0.442120760272692,0.127568937193624,-0.629518329326377,0.404598992638206,0.363271873818669,-1.35421068425743,0.448856741100794
1253,0.938375046993526,-1.03163131523249,0.017017616923242,1.12280224328603,-0.225390995497598,1.04036538160124,-0.79338355468215,0.170763040238464
1254,-0.331792731923759,0.94712237104238,-0.334214233417587,0.886254214302184,-0.685396165101381,-0.899375661831782,0.206684528873102,0.411573459205439
1255,-0.201666193604421,0.224708523086999,0.216397023071081,-0.725518610400802,-0.99481157913578,0.36737495134617,-0.205827893113304,1.15674450213897
1256,-0.776163186200028,0.0359902033229688,1.83831810912365,-1.4877400752625,0.696562096072143,0.721853534067104,1.42288696740583,-1.24323237137537
1257,-2.66601575476012,-1.87916373317304,0.966928928522161,1.4970527516728,-0.962538071844723,0.286087758391112,-1.10681844631292,0.76955359911608
1258,-0.729878702006658,-2.90812174518782,1.79944793466503,-0.0442925484050308,-0.509137137919077,0.839451054888374,1.03523784772019,0.0201936849456373
1259,1.08062806137929,-2.49760812257203,0.908823344008999,0.82823799947898,-0.134289847034175,1.51601419630066,0.214807188081523,-0.663407927335698
1260,-1.0403363518633,0.590637524529345,0.401809464172788,-0.178934076115341,-0.374105203463306,0.0974813120138028,-1.9196387167076,-0.158755031662827
1261,0.21905685438391,1.70195502708522,-0.336792175286547,-0.475508850955666,-1.11092783821036,-1.50656131947519,-0.778206318245134,-0.562447569091608
1262,1.22698661946179,1.1018970420832,-0.119037777174618,-0.5112702967544,0.122730579663184,-0.166361905272531,0.540996970469991,0.605849828169609
1263,-1.7933228778947,1.33183767819802,1.0752955322932,-0.479370998478089,0.836338986723495,0.753309282494916,-1.44822301011131,-1.35538867532072
1264,1.4448338980675,0.620560121335308,0.222700567731237,-0.593212999563707,0.358285725781966,0.00110319164992749,0.556093843563068,-0.0797886148041822
1265,-0.984381435154626,0.272571188860696,-3.97696863835809,-1.5649868385152,1.4561850695058,1.43502536515147,-0.437969324462752,-2.34327382709079
1266,-0.0497557994042787,1.89938186591734,-0.268074706726551,-0.465584929289923,-0.844189671153502,-0.928574335077278,-0.773146587188898,-0.520469395405003
1267,-0.354060422314521,-1.75543975956523,0.6856433066259,0.229835660368049,-1.35728066621364,2.07323817961737,-0.993679382515768,-0.129383373291972
1268,1.34177480619175,0.777864917859747,-1.32704263124213,-0.44764989347989,0.203839068205732,0.205979743145765,0.324802416691622,-0.78869971787681
1269,-0.296554586938959,0.961692739176749,0.218440079003518,0.609685269586762,0.470531319349046,-0.51346895310205,-0.171107558006412,-0.423142228274628
1270,-1.06935804770456,1.0623467657324,-0.833214055944895,-1.07377736020269,-0.595246713244617,-0.27931768527255,0.0455906451440386,-0.203664721842492
1271,0.361159019921459,-0.248633058173226,0.355102650420597,-0.0987356000827505,-0.114049899807558,-0.0192134153252098,-1.15359783949097,0.222137443210748
1272,1.58896711141731,0.733390660504233,-0.756545639962606,0.203070493886506,-0.899064854367409,0.708149261153867,-1.02576379032735,0.172291387875257
1273,0.875141250100023,-0.352423103085712,-0.552734792578307,-1.42974086309541,0.376524869462641,-1.20943713983097,-0.399014368405913,0.291543718164516
1274,-0.631004948412065,0.388643106169686,-0.478123665349542,-1.13073293355653,0.134562792650956,0.692536120429971,-0.231838473362836,-0.320694203372261
1275,0.218699713174008,-1.17077574506132,-2.6069877107574,-0.216256811052158,-1.19851152307626,-0.719220174734687,-1.72606337355607,0.200812192680162
1276,-0.315758035059353,0.172794834519577,0.928095844349195,-0.384069866681007,0.13718910377433,-0.166959590949956,1.09283810782727,-0.567844684477483
1277,-0.0941803278270315,0.770387680609831,-0.66084961397398,0.682357167411,-1.83213304459506,-0.119349896601135,-0.797687969010441,0.0149391298293363
1278,2.10221449538445,-0.147291619186996,0.0679235970596806,0.375224416588266,0.521466461379131,0.106871243140066,-0.285263878536484,-0.856434298060255
1279,1.60937625980792,1.53315707463034,-0.835312924503299,-0.183771722610058,-0.492161547025555,-0.727855893715503,0.48432977258263,1.30605667030831
1280,0.0122858222629769,0.325781033570835,0.334999775140552,-0.0702105050603999,-0.0958228360683387,0.0596567409393621,-0.0549186664833555,0.208733430700937
1281,2.06039303393815,0.0523561853426486,-1.70054382987908,-0.451409993904373,-0.319613641048903,-0.778876648968119,-1.34615019370954,0.0045032343229771
1282,-0.382758107106235,0.663212289126608,0.0762415800482649,0.814235433158621,-0.18310285192574,-0.153923580511416,0.226841133022415,-0.232086810081747
1283,-0.213968320502717,-1.70363191965442,-2.82715787327683,-0.699534764869046,0.514044068231391,1.26598345434618,-0.244858131902676,-0.602196629035584
1284,-0.598343640616552,0.512991960387496,-1.0511704395842,-0.387278856190794,-0.645439531923002,-1.21949246510328,0.310686964207247,0.13213502226214
1285,-0.526194620205535,-0.160690558838323,0.635765960634617,0.337067746470132,0.254316236420943,-0.213774043619677,-0.544285741921053,0.0587161740796552
1286,-0.72948224531438,1.54722829875816,0.433393885039792,-0.186511533472989,0.0541269087097575,-0.701545033109071,0.397329960812856,-0.945942947634528
1287,1.00971035776811,0.804016254559222,-0.0450239888969163,0.0767004998502685,0.654666136155345,-0.00170976361395915,0.561186878633006,0.935965304275201
1288,-0.759778807773795,1.40235260955126,-0.0405666742169343,1.58510081533029,0.865143264208765,0.319537587020554,-0.176319256619739,-0.554226835909062
1289,-1.2824488684332,-0.355013324124254,-0.140953561588964,-0.159174537777548,0.898563069503414,0.213099987066177,-0.156983166402257,-0.0388504128382723
1290,-0.198821815012943,0.377261273232626,-0.258475207197276,2.68330114712748,0.669085126047122,1.03897584444154,-0.0736607103517026,-0.716230941096897
1291,-1.53830121325122,-0.0309623006349896,1.11217301415276,0.646987249525947,1.32954731981038,0.470572485229616,0.613129036091124,0.6407216536496
1292,-2.65577008683595,0.0378654278030561,-0.838711914056264,-1.53033829872721,1.0699391380733,0.361745131186049,-0.0209527858860492,0.0939078657315348
1293,-0.393745822003901,-2.25549460399845,-1.03302383474842,-1.69334345524968,-0.837720108106516,-0.0256918679748788,0.432648296679063,-0.488268405247684
1294,-0.2687054784498,1.46709705144386,-0.208275749043463,-0.258491618643932,-0.33965639734912,1.51979305275924,-1.20719139336367,0.480279088851203
1295,0.609189155847126,0.373817902259982,-0.221390580235231,-0.203113305925302,-1.52736046087681,0.149514572549865,0.283799657116289,0.10523085879644
1296,0.805649723244679,0.309272432083562,0.12207085915266,1.47343296979677,1.84442591408512,0.839551864031983,1.1322698075583,0.830965715961322
1297,-1.3437034480792,-0.946882880419266,-0.829304101502939,0.359401953556425,-0.94158804902069,0.350066647455825,-0.474367068020674,0.741451377048714
1298,1.44083030245598,1.60574029768381,-0.751126822945055,0.0781420209074224,-0.639673268998366,-0.197308278975739,-0.327068411452062,-0.354008631653113
1299,0.0221177622971083,-1.76813656847714,0.740528501065958,1.13253449872085,0.167924579432624,0.161171966394972,-0.957233435159201,-0.0236958335569053
1300,-1.25789848528509,0.0349220935406362,0.736916218062796,-0.354451071942079,0.167904393583753,1.58570696718754,-0.685570268863148,1.39153509487327
1301,-1.97219233939198,0.0760187339898113,0.739766270723199,0.172325066986661,-0.931586944182337,-0.870136511428661,-0.336894591191779,-0.127900058089482
1302,0.872149011565056,-1.03614651063517,0.051624909331405,1.03679459659439,-0.573913872686287,0.282772012226816,-0.503882191034935,-0.117983506066483
1303,1.51585457696772,0.672002562465471,-0.46101785795502,0.420734271468163,0.099008210198394,-0.279205998011361,-0.570483497735302,0.425201972515077
1304,0.728585787923454,0.769400572005899,0.190694769855312,0.110540393581178,0.0892092259216861,-0.650560056018461,0.328296659468126,-1.00074158831374
1305,1.31042757117341,0.719273540751367,0.257059302011235,-0.588251038730835,0.491654809310396,0.290096683848882,0.558623709091186,-0.0587995279608797
1306,0.636966505603977,-0.791957739486041,0.776156490101084,-0.346435158343209,-0.0659914168899191,-0.644210346635917,-0.305461890940034,-0.349650473035935
1307,-1.04235370072281,-2.50723517653508,-1.66549967403023,-1.83481771965364,0.740653017085487,-0.45336205088337,0.983694698039191,-0.366018450046524
1308,-0.193200964064625,-0.271070350706354,0.249673738380644,1.20792427928979,0.143108977626059,-0.860603623350582,-0.0186090563643256,0.225283205260764
1309,-0.761771669991386,1.28455824145591,-0.052535613355827,1.26087007747739,0.78220646112187,-0.59794590663031,0.380547816826906,0.715346348697737
1310,0.657414260175019,0.233346852956828,0.674502294162956,-0.232069382770728,1.25426353144464,0.641448223093386,0.071291736756988,0.113023804243517
1311,-1.55935591823801,2.37761270446001,0.625532167594373,-1.04028868974424,0.490912485958697,0.6099312674375,0.40768371055805,0.0386927977201163
1312,1.33429063988566,1.7818753255902,-0.640703729621616,-0.101381565234202,-0.678506117271633,-0.782440813274324,1.05506286929729,-0.0964343601897215
1313,0.344665969398565,-0.156100791791673,0.560061313388751,-0.101056612299282,-0.272737339594519,-0.397660485941723,-0.041856896493779,-0.798745601098533
1314,-1.68197276976603,2.17735552712286,0.50055107683676,-0.345162741165845,0.331277826689364,-0.185987746312061,0.426333278042183,-0.253883816982347
1315,0.135944591035058,-0.762687130365715,0.669103428215663,-0.757222286615458,-1.90773852220776,-0.483853171924998,1.60290548417215,-0.388594784960396
1316,-0.401515763993708,1.02641512626585,-1.09536044835925,-0.186777915759938,1.25655466551844,1.40454030039816,-1.2422425534577,0.816203374149974
1317,1.04588208712377,-0.0673679734633335,-0.0339389119982206,-0.257650065520401,-1.82234931653198,-0.678460144794548,0.840893901341128,-0.800502601953351
1318,-1.46466447772374,-1.04241303978741,-1.07232542913018,-1.16584045036325,0.515334056466712,0.639464435296408,0.599499070548762,0.263258685765935
1319,0.703231753830944,-1.53941361783319,0.314367705506535,0.470850796431186,-0.692915677187959,-1.02599906823602,-0.459596729141738,0.951319360952515
1320,-0.210928192656536,-3.16736662095954,-2.44069103206638,-1.04935516481971,-0.332726790341707,0.311762008320593,-0.880157022989717,-0.573797604565835
1321,0.124113326238153,-0.0562115614468595,0.441286085306398,0.310794499065016,0.164795818537635,-1.64327767884088,-1.24086573386033,-0.529252049146242
1322,-0.185449651386493,-0.683918139419974,1.1231264162398,-0.997855645092388,-0.208311078784531,1.22914508228248,-0.425600288883581,-0.262194825494256
1323,0.166562328226501,-1.77379171616284,0.982683514737556,0.204372739523013,-0.223755033087321,-0.511300419198687,-0.399904903301641,-0.0287498963252621
1324,-0.184554616785433,0.282663339347644,-0.0347992691026489,-1.55061475134177,0.439080528597865,-0.998452505539288,0.762876020819152,-1.28264346874452
1325,0.313335705988283,0.854688190428373,0.00528828560481737,0.724395336591856,0.664690202411597,-0.317584179677758,0.332894932113446,0.315863832748019
1326,0.550766264731489,0.812252625979993,0.0342335896464874,-0.477488756590932,-0.44596190855762,0.333087525498401,0.434448408954342,0.35875068732222
1327,-0.814677712651564,0.41918985305739,1.09287478034249,-1.38729081578745,-0.553767786738291,-1.07432250922036,0.581480308755775,-0.469138608048602
1328,-0.0304915435467675,0.634806803055738,1.08160120500743,-1.12295108421298,1.00458551399116,0.772882586243183,-0.159329091671671,-0.601163101538311
1329,-1.90634182284252,-0.565517657264837,-1.23479927937836,0.134394024935662,1.21644885013074,-0.475455439154349,1.0480273238486,-0.237607428036736
1330,-0.869143759404404,-2.70555341949665,1.02331052664281,1.01945484109801,-1.55706431079542,-0.499371676893193,-0.344881079316995,-0.467010849054483
1331,1.46589725461533,-0.441465515100933,0.751117349768782,-1.05661395556172,0.647040999200773,-0.266076765392914,-0.764125236671897,0.0672906246209366
1332,-0.379143683053231,0.322950695065798,0.278736152942936,0.634839365183735,0.0112806717191885,-0.158275288412291,-0.0312093679429866,-0.0418650103149212
1333,0.888226200522748,-0.659754305391629,0.287029093412456,0.162145061874375,-0.453112061690222,0.493558491677792,0.859599522230288,0.432167380099372
1334,1.00931790691481,-0.453755978669256,-0.216632405179194,0.904263214166094,-0.422573014587144,-0.822225441684185,-0.921987486213074,0.334621345027822
1335,1.90163430392004,-0.25341961483037,0.407688145894763,-0.82482481491716,0.41636783355869,-0.452776162978847,-0.256603356174685,0.225582768522132
1336,-0.892181987067366,-0.709694816427026,0.899170834245657,0.629685738119939,0.0044889960641201,-1.90444918021543,-0.202648845004392,-0.299291144640198
1337,0.252038634248995,-0.887901107632981,0.343843639376572,0.847297281662653,-0.473677458232861,0.34101207214274,-0.461817103816031,-0.433403407213772
1338,-0.443492838446204,-0.463107682101868,-0.587458968302977,0.0577287203683973,0.267782653276041,-0.840579887116619,0.342949117510602,0.0564744705330159
1339,-0.24623655358462,-1.6099118909917,0.188627345741635,-0.63535881223595,0.132519260577431,0.63353630462072,-0.0461215975818601,-1.32340807092353
1340,1.5728164099793,0.088526836128082,0.114322658394313,0.145628769993497,0.677610694889979,0.0912368849448025,-0.26434492031613,0.0735090740443951
1341,-0.741209136803816,-1.0901285958493,-0.0758939258142856,-0.358418449083922,0.559470259034622,-0.947225689630515,-0.42515312948013,0.0674150395553435
1342,-0.277359451156153,-0.652082652317902,0.390242700711205,0.617701635067884,-0.317533224722013,0.325377713947477,-0.440898145595676,0.496539964890879
1343,2.82663765684157,-0.254841072549991,-0.261905002996676,0.541031079163786,0.30315569479672,-0.322026307239186,0.216703508479874,-0.439268825863288
1344,1.9068181189503,-0.851410951390582,0.52990983039829,-0.38884414307317,0.612142911921832,-1.28791554348802,0.0475334221546904,0.525825026618549
1345,-1.26083786605147,-0.011900251221517,1.04466149733744,0.0964738359679696,0.767022300519331,0.469248340099791,-0.50018555159865,0.0651368617580455
1346,1.71364655185569,0.42313328250319,0.153983099171241,-0.603136921229451,0.091547558725106,-0.576883792747981,0.551034112506832,-0.121766788490787
1347,-1.48063333380823,-1.82157599014773,-0.557037815371321,-0.225295127964652,2.05592483719964,0.151906119141832,0.254991965835541,-0.275044812015231
1348,-0.444461339254342,-1.44164468769413,-0.893085532214792,-0.942079191717366,-2.42469028011608,-0.190104275022571,0.160604658518394,1.10297895728176
1349,-0.21763504968891,-0.55445442727332,0.731684636829937,0.215026711997794,0.545779201597146,-0.120183364808406,-0.550334997826525,0.618441004357804
1350,-0.0741952572948212,2.17213923620779,-0.427564145255759,0.3565906368667,0.382023792857548,0.557419597843539,0.562753485982492,0.844983762361676
1351,-0.283773919957549,-1.58146817248841,-1.50860599311164,0.445212682680303,1.10286735241479,-0.63179995599832,0.429901817212372,-0.436129813452232
1352,1.22237382134356,0.920670670371545,0.174492671505412,-0.441222874803029,0.694446203910984,1.00089471381767,0.272146973396707,-0.0499153967950068
1353,-2.05097254726353,0.570484751420023,0.42172192476001,2.30220395322578,1.52424978671347,-0.399140786920857,-1.42820078155361,0.0215988935889899
1354,-2.79845520014137,-0.481568962841568,-1.38841040692678,0.0731410136922909,-0.418213622114654,-1.94765133625368,1.50285475100619,-0.397550305363531
1355,-0.740441474703818,-1.07336087268324,0.289370913390209,3.07245658139965,-0.278818509368796,0.274506339454479,2.46313682556854,-0.798351006115709
1356,1.15166991463237,-2.02758149719554,1.05139502644634,-0.946142816107381,-1.15320421819285,0.00360432819088553,1.31436737870357,0.0121223901013792
1357,-0.574319601313936,-0.491073205254502,-1.83704482178001,-1.16806441303972,-0.536194424567622,0.58860364605241,-0.039779602429113,-0.377349804511981
1358,-1.58711317621151,-0.543658886920983,-0.0137366449479002,-0.774384311454918,-0.0563334926214495,0.594692615584172,-0.286746264033657,-0.33620261465218
1359,0.193433897779836,-0.315167257928802,0.955048493856354,-0.425065215294581,0.643805862610793,0.395230965036788,0.794757622746461,0.259637605262311
1360,-0.466198031614028,-1.65175953962342,0.956072981215905,1.52721497849342,0.809691102579393,-0.0519789323104611,0.994179959044668,0.707717658748362
1361,-1.25345488980246,1.69487865409195,1.04983714300605,-1.26925955648135,0.52367623747689,0.0665983343911666,0.709257319345605,-0.655829776419547
1362,-1.7397076121922,0.558168573388101,0.294677484131828,1.85025451019845,1.14262444763874,0.772601987867111,-0.250338073185609,0.997468614888639
1363,0.052547593888404,-0.447329178843883,0.43549477738644,-0.861198857396875,-0.321468427113506,1.24907595048973,-1.30296672544204,1.79284060545684
1364,1.07763579789266,-0.439295126357979,0.136950946091313,-0.241340187755796,-0.812845686380685,1.20303237651676,-0.540191801153965,-0.13453328062631
1365,1.76260550014285,1.01511339429713,-0.56212708697786,0.76486265977692,0.309613917615455,0.572891885822902,0.217775353404741,-0.229398865794436
1366,-1.76116776572571,0.699666778404272,-0.691026673415963,0.923268641772965,0.368388426683445,-0.495245454617063,1.47644657602029,-0.725274639584197
1367,0.524468991384977,0.477101274990266,-0.122103657788097,0.322373530202441,-0.272368422037709,0.376425879387641,-0.382965726972119,0.232185961031723
1368,1.02681694117806,0.819648302941493,-0.385011415142807,-0.152183676496383,-0.986325103115125,-0.0260727071633746,-0.150659627650587,-0.0292779865449235
1369,-0.442516372987448,1.0247514097051,0.327356475869984,-0.196533256680943,0.970874542990596,0.898743576156469,-1.55399407597228,0.82166590220817
1370,0.302929469747327,1.82513268523204,-0.216268172004802,-0.648773999165169,-0.640211595307392,-1.36896914325808,0.857961310667651,0.386470321708786
1371,-0.379190505526861,0.230473186595792,0.17331297055008,1.0716776060035,0.943068189628134,-0.599503772531384,-1.52274419690949,0.796237503081392
1372,-1.22119106590304,0.0614727944456282,0.586915938043141,-1.01958529740601,-2.18130831787825,-0.862837400467011,1.10472507917957,0.487980969095399
1373,-2.17124235267763,0.464132069596868,1.42643942335352,-1.14362573278265,-0.059846879797833,-1.12118949918134,0.118586685019287,0.0519141791389943
1374,-1.97629893417427,-2.02853018919244,0.927379641414644,1.71417814467635,-0.593838482779889,0.942782828837691,-0.327138716606467,0.653688504241413
1375,-1.86963113080516,1.56486747960564,0.214775651168696,1.67168629457481,0.65631823757358,-1.59689524370484,1.28238590599677,-0.0166838818773775
1376,2.13478473486504,0.13656831967499,0.0983691181725774,-0.497104105915219,0.800955712162157,0.696104793207556,-0.0335231082684515,0.71459963241488
1377,-0.638816744285945,-1.40085618161176,-0.740916478302254,1.20831176568566,-0.745479076424047,-0.120809027058035,1.43267854421437,-0.408010961698623
1378,-0.0963881879500152,-0.658749337197721,1.08413811847105,0.586202411148327,1.30592332252027,-1.27151065075489,0.178587431248617,-0.305360155725369
1379,0.95574943980421,0.675728353341324,0.193283828150594,-0.729292706708487,0.204739930377391,-0.186992001621178,-0.515617115318719,0.30383393953213
1380,2.11248675063143,-0.388858693097562,0.259655182560135,-0.668991881131753,0.337126329702973,-0.23830111914359,-1.09470216268878,0.0697540681084191
1381,0.782219383951873,-0.0087651255683559,0.749557073005754,-1.22518908492032,0.657453750123519,-0.328506462993813,-0.740181650498807,0.717371581586513
1382,-0.671306013128357,0.0989878578235869,0.0116811885839943,0.0556544328439932,-1.99264474054127,-0.700926563516978,1.59592627410175,1.0329351619537
1383,0.505447388618104,-0.446095755651075,0.231971422959516,0.326605440226277,-0.641795406136886,0.852289301594222,-0.224946035862881,-0.352037679121436
1384,0.255474492243267,0.808827239806552,0.302194495369963,-0.66568959442342,0.0304545135436131,0.82505880373106,0.728019978808556,0.713685318668631
1385,-0.374677403402881,-1.03867644443779,0.917623878962878,0.403616650829387,0.11533777738147,0.649025257498005,-0.131734940223768,-0.135015348718878
1386,2.78621569682651,0.328579895875852,-0.936780999921307,0.381619352035218,-1.04854686801685,0.127206364540256,0.290358817030013,0.0952046035203618
1387,-0.846007976061847,1.42997883527744,0.538101752558556,-0.561838866896314,0.383659755267824,-0.994246202956391,0.956232137363,0.64547082579795
1388,-1.83869394210849,0.336009614505052,-1.67318976583118,0.0386043156848369,0.880417827795384,0.867504185289913,0.166372105498649,-0.862911099470389
1389,-1.13956000116779,-0.936249185498302,-1.35767621906418,-0.401056180832592,0.881440023559621,-0.250377859902019,-0.362872986497361,-0.286561432170873
1390,-1.53113387554479,-0.216237235169823,0.87189354449505,-0.21453891492217,-0.874865742537699,1.17986939025056,0.569588254574822,0.171215351402249
1391,-0.196637573554752,-0.520649289583715,-0.146971153031974,-1.83614998261617,0.69849869237274,-0.170577061169236,0.60446655502358,2.10142268431157
1392,1.00970707847332,-1.09867456095695,0.554700412602428,0.412304261669851,0.38100245654826,-0.619462263157644,0.219225269767457,0.418619562109927
1393,1.01578360737233,2.10779288095485,-0.765224543019047,0.326063714025481,0.311748253376202,2.13806359696434,-0.895456914209402,0.00658930634761466
1394,0.177784065975329,0.609146210871988,-0.192132844982956,0.0529048716535884,-1.01058579888894,-1.31057766418455,-0.0771103737361677,0.530553111162444
1395,-1.23754258368266,-3.67176031049915,-2.27996105102043,0.750590612774997,0.623094036769881,-0.04546561488939,-0.524036678947986,-0.431922552832153
1396,0.388822664538849,-0.455496507945055,-0.0395424140614975,1.50711989326938,0.509469792490307,0.209407176571249,-0.894207981465705,0.727704081663322
1397,-0.505759484470696,-0.743154747981595,0.759366072895703,-0.834700290282811,-1.1822174386497,1.0810848184452,-0.300304209488613,0.503869333456864
1398,-0.649603546797608,1.30454017183039,0.877794913477896,-1.2030997531212,0.33872278055186,-0.331782265030223,0.409636493585918,-0.45103957748781
1399,-0.195733862440976,-0.94955484592084,0.113111196932133,-1.00347233720917,0.524127836519839,-0.720804851984276,0.917409625564739,-0.312377446383452
1400,-0.251343016494952,-0.0747834641572591,0.525938928204075,0.375694088449334,0.366690409351664,-0.197495655171904,0.254277842902256,0.55095386248396
1401,-0.651025392103163,0.407528095463178,1.28157810752256,-1.02130239717874,1.02327668007591,-0.917148520100057,1.00179034828865,0.463010640250791
1402,0.385216892046892,1.23131445477452,-0.200261051477011,-0.464160934023934,-0.2347932915875,0.0859377096371674,-2.16182188626834,0.0825326653921316
1403,-0.769440494086783,-0.943393026052935,0.679506703812304,0.730207848873585,-0.829759359069518,0.914979951277368,0.272263006710531,-0.503684760804146
1404,-1.01340754681786,-0.594261780470534,-0.459828532354168,0.392050346028547,-0.336047383986853,0.205695546841849,0.22356595678357,-1.35845228387149
1405,-0.712643495186904,0.134470445679546,-0.898972175903778,2.34072289244994,-1.79260057191744,0.69038412433063,-1.19140901226421,0.150671969541541
1406,-2.26384303745427,-0.549333848339109,0.3690512041367,-0.743896836588467,1.20066342618474,0.0440244869513814,-0.901141827219897,0.622171113149631
1407,-0.220678456829879,-0.993410541484375,0.944942197118824,0.900450873768041,1.11888638056316,0.216285581673499,-0.256997715605033,0.0726962377227805
1408,-1.31284662094969,2.21090029971276,0.0766004264434329,0.592972746822101,0.583888176482616,-0.156887954932912,1.20907093971507,0.32416441839669
1409,-0.139365247898108,1.52519828184917,-1.80951900837918,0.367723350780673,-0.266841709976761,-0.00878176648302206,-1.82284167483604,-0.754242220803375
1410,1.62520363046733,1.26944899441106,-0.699916349116203,0.0358501951945985,-0.50923651780971,-0.0688489413057298,-0.876655379168178,-0.196880874407019
1411,0.10177613691547,-2.50950980595174,-0.269438867582749,1.53861963438936,0.754498175253737,-0.129164930620065,0.223338706493947,-0.571682303738568
1412,1.75417620410677,-1.14376962117552,-0.422860892974464,-0.101698160011328,-2.0774174562402,0.0437358700014351,-0.176038566764276,1.196939976602
1413,1.08739319824265,-0.104089017456706,0.392823674101196,-0.606685245945935,-0.213339094778612,0.340018467891914,-0.102571551196815,-0.19074908524878
1414,-1.01366286501794,-0.270774560861702,0.631499515055686,0.379526538324462,-0.829625522174362,-0.79142842537999,0.437725407458439,-0.285743326650754
1415,0.793670816731679,-0.365244146129549,0.580511691433528,-0.179509343959546,0.264468882040835,0.00120207351627387,0.753187297952176,0.274206004427223
1416,-0.713611355357854,-0.263355369776627,0.797813047094652,1.0647837339532,0.696986664198301,-0.00576443480778031,0.298638508016555,-0.644156349801462
1417,-0.446044761768325,0.705519438486083,-0.196896406818217,0.277302878556936,-1.13074363605001,0.204941677201903,0.330957779405131,0.805564876728535
